sim_time_sec,abs_time,id,tracks,latitude,longitude
0.2,06:00:00,2601,"{}",35.07357,129.097719
0.2,06:00:00,2602,"{}",35.068494,129.099061
1,06:00:01,2601,"{}",35.073534,129.097729
1,06:00:01,2602,"{}",35.068494,129.099061
2,06:00:02,2601,"{}",35.073489,129.097742
2,06:00:02,2602,"{}",35.068494,129.099061
3,06:00:03,2601,"{}",35.073444,129.097754
3,06:00:03,2602,"{}",35.068494,129.099061
4,06:00:04,2601,"{}",35.073399,129.097767
4,06:00:04,2602,"{}",35.068494,129.099061
5,06:00:05,2601,"{}",35.073353,129.097779
5,06:00:05,2602,"{}",35.068494,129.099061
6,06:00:06,2601,"{}",35.073308,129.097792
6,06:00:06,2602,"{}",35.068494,129.099061
7,06:00:07,2601,"{}",35.073263,129.097804
7,06:00:07,2602,"{}",35.068494,129.099061
8,06:00:08,2601,"{}",35.073218,129.097817
8,06:00:08,2602,"{}",35.068494,129.099061
9,06:00:09,2601,"{}",35.073173,129.097829
9,06:00:09,2602,"{}",35.068494,129.099061
10,06:00:10,2601,"{}",35.073128,129.097842
10,06:00:10,2602,"{}",35.068494,129.099061
11,06:00:11,2601,"{}",35.073083,129.097855
11,06:00:11,2602,"{}",35.068494,129.099061
12,06:00:12,2601,"{}",35.073038,129.097867
12,06:00:12,2602,"{}",35.068494,129.099061
13,06:00:13,2601,"{}",35.072993,129.09788
13,06:00:13,2602,"{}",35.068494,129.099061
14,06:00:14,2601,"{}",35.072947,129.097892
14,06:00:14,2602,"{}",35.068494,129.099061
15,06:00:15,2601,"{}",35.072902,129.097905
15,06:00:15,2602,"{}",35.068494,129.099061
16,06:00:16,2601,"{}",35.072857,129.097917
16,06:00:16,2602,"{}",35.068494,129.099061
17,06:00:17,2601,"{}",35.072812,129.09793
17,06:00:17,2602,"{}",35.068494,129.099061
18,06:00:18,2601,"{}",35.072767,129.097942
18,06:00:18,2602,"{}",35.068494,129.099061
19,06:00:19,2601,"{}",35.072722,129.097955
19,06:00:19,2602,"{}",35.068494,129.099061
20,06:00:20,2601,"{}",35.072677,129.097967
20,06:00:20,2602,"{}",35.068494,129.099061
21,06:00:21,2601,"{}",35.072632,129.09798
21,06:00:21,2602,"{}",35.068494,129.099061
22,06:00:22,2601,"{}",35.072587,129.097993
22,06:00:22,2602,"{}",35.068494,129.099061
23,06:00:23,2601,"{}",35.072541,129.098005
23,06:00:23,2602,"{}",35.068494,129.099061
24,06:00:24,2601,"{}",35.072496,129.098018
24,06:00:24,2602,"{}",35.068494,129.099061
25,06:00:25,2601,"{}",35.072451,129.09803
25,06:00:25,2602,"{}",35.068494,129.099061
26,06:00:26,2601,"{}",35.072406,129.098043
26,06:00:26,2602,"{}",35.068494,129.099061
27,06:00:27,2601,"{}",35.072361,129.098055
27,06:00:27,2602,"{}",35.068494,129.099061
28,06:00:28,2601,"{}",35.072316,129.098068
28,06:00:28,2602,"{}",35.068494,129.099061
29,06:00:29,2601,"{}",35.072271,129.09808
29,06:00:29,2602,"{}",35.068494,129.099061
30,06:00:30,2601,"{}",35.072226,129.098093
30,06:00:30,2602,"{}",35.068494,129.099061
31,06:00:31,2601,"{}",35.072181,129.098105
31,06:00:31,2602,"{}",35.068494,129.099061
32,06:00:32,2601,"{}",35.072135,129.098118
32,06:00:32,2602,"{}",35.068494,129.099061
33,06:00:33,2601,"{}",35.07209,129.098131
33,06:00:33,2602,"{}",35.068494,129.099061
34,06:00:34,2601,"{}",35.072045,129.098143
34,06:00:34,2602,"{}",35.068494,129.099061
35,06:00:35,2601,"{}",35.072,129.098156
35,06:00:35,2602,"{}",35.068494,129.099061
36,06:00:36,2601,"{}",35.071955,129.098168
36,06:00:36,2602,"{}",35.068494,129.099061
37,06:00:37,2601,"{}",35.07191,129.098181
37,06:00:37,2602,"{}",35.068494,129.099061
38,06:00:38,2601,"{}",35.071865,129.098193
38,06:00:38,2602,"{}",35.068494,129.099061
39,06:00:39,2601,"{}",35.07182,129.098206
39,06:00:39,2602,"{}",35.068494,129.099061
40,06:00:40,2601,"{}",35.071775,129.098218
40,06:00:40,2602,"{}",35.068494,129.099061
41,06:00:41,2601,"{}",35.071729,129.098231
41,06:00:41,2602,"{}",35.068494,129.099061
42,06:00:42,2601,"{}",35.071684,129.098243
42,06:00:42,2602,"{}",35.068494,129.099061
43,06:00:43,2601,"{}",35.071639,129.098256
43,06:00:43,2602,"{}",35.068494,129.099061
44,06:00:44,2601,"{}",35.071594,129.098269
44,06:00:44,2602,"{}",35.068494,129.099061
45,06:00:45,2601,"{}",35.071549,129.098281
45,06:00:45,2602,"{}",35.068494,129.099061
46,06:00:46,2601,"{}",35.071504,129.098294
46,06:00:46,2602,"{}",35.068494,129.099061
47,06:00:47,2601,"{}",35.071459,129.098306
47,06:00:47,2602,"{}",35.068494,129.099061
48,06:00:48,2601,"{}",35.071414,129.098319
48,06:00:48,2602,"{}",35.068494,129.099061
49,06:00:49,2601,"{}",35.071369,129.098331
49,06:00:49,2602,"{}",35.068494,129.099061
50,06:00:50,2601,"{}",35.071323,129.098344
50,06:00:50,2602,"{}",35.068494,129.099061
51,06:00:51,2601,"{}",35.071278,129.098356
51,06:00:51,2602,"{}",35.068494,129.099061
52,06:00:52,2601,"{}",35.071233,129.098369
52,06:00:52,2602,"{}",35.068494,129.099061
53,06:00:53,2601,"{}",35.071188,129.098381
53,06:00:53,2602,"{}",35.068494,129.099061
54,06:00:54,2601,"{}",35.071143,129.098394
54,06:00:54,2602,"{}",35.068494,129.099061
55,06:00:55,2601,"{}",35.071098,129.098407
55,06:00:55,2602,"{}",35.068494,129.099061
56,06:00:56,2601,"{}",35.071053,129.098419
56,06:00:56,2602,"{}",35.068494,129.099061
57,06:00:57,2601,"{}",35.071008,129.098432
57,06:00:57,2602,"{}",35.068494,129.099061
58,06:00:58,2601,"{}",35.070963,129.098444
58,06:00:58,2602,"{}",35.068494,129.099061
59,06:00:59,2601,"{}",35.070917,129.098457
59,06:00:59,2602,"{}",35.068494,129.099061
60,06:01:00,2601,"{}",35.070872,129.098469
60,06:01:00,2602,"{}",35.068494,129.099061
61,06:01:01,2601,"{}",35.070827,129.098482
61,06:01:01,2602,"{}",35.068494,129.099061
62,06:01:02,2601,"{}",35.070782,129.098494
62,06:01:02,2602,"{}",35.068494,129.099061
63,06:01:03,2601,"{}",35.070737,129.098507
63,06:01:03,2602,"{}",35.068494,129.099061
64,06:01:04,2601,"{}",35.070692,129.098519
64,06:01:04,2602,"{}",35.068494,129.099061
65,06:01:05,2601,"{}",35.070647,129.098532
65,06:01:05,2602,"{}",35.068494,129.099061
66,06:01:06,2601,"{}",35.070602,129.098545
66,06:01:06,2602,"{}",35.068494,129.099061
67,06:01:07,2601,"{}",35.070557,129.098557
67,06:01:07,2602,"{}",35.068494,129.099061
68,06:01:08,2601,"{}",35.070511,129.09857
68,06:01:08,2602,"{}",35.068494,129.099061
69,06:01:09,2601,"{}",35.070466,129.098582
69,06:01:09,2602,"{}",35.068494,129.099061
70,06:01:10,2601,"{}",35.070421,129.098595
70,06:01:10,2602,"{}",35.068494,129.099061
71,06:01:11,2601,"{}",35.070376,129.098607
71,06:01:11,2602,"{}",35.068494,129.099061
72,06:01:12,2601,"{}",35.070331,129.09862
72,06:01:12,2602,"{}",35.068494,129.099061
73,06:01:13,2601,"{}",35.070286,129.098632
73,06:01:13,2602,"{}",35.068494,129.099061
74,06:01:14,2601,"{}",35.070241,129.098645
74,06:01:14,2602,"{}",35.068494,129.099061
75,06:01:15,2601,"{}",35.070196,129.098657
75,06:01:15,2602,"{}",35.068494,129.099061
76,06:01:16,2601,"{}",35.070151,129.09867
76,06:01:16,2602,"{}",35.068494,129.099061
77,06:01:17,2601,"{}",35.070105,129.098683
77,06:01:17,2602,"{}",35.068494,129.099061
78,06:01:18,2601,"{}",35.07006,129.098695
78,06:01:18,2602,"{}",35.068494,129.099061
79,06:01:19,2601,"{}",35.070015,129.098708
79,06:01:19,2602,"{}",35.068494,129.099061
80,06:01:20,2601,"{}",35.06997,129.09872
80,06:01:20,2602,"{}",35.068494,129.099061
81,06:01:21,2601,"{}",35.069925,129.098733
81,06:01:21,2602,"{}",35.068494,129.099061
82,06:01:22,2601,"{}",35.06988,129.098745
82,06:01:22,2602,"{}",35.068494,129.099061
83,06:01:23,2601,"{}",35.069835,129.098758
83,06:01:23,2602,"{}",35.068494,129.099061
84,06:01:24,2601,"{}",35.06979,129.09877
84,06:01:24,2602,"{}",35.068494,129.099061
85,06:01:25,2601,"{}",35.069745,129.098783
85,06:01:25,2602,"{}",35.068494,129.099061
86,06:01:26,2601,"{}",35.069699,129.098795
86,06:01:26,2602,"{}",35.068494,129.099061
87,06:01:27,2601,"{}",35.069654,129.098808
87,06:01:27,2602,"{}",35.068494,129.099061
88,06:01:28,2601,"{}",35.069609,129.098821
88,06:01:28,2602,"{}",35.068494,129.099061
89,06:01:29,2601,"{}",35.069564,129.098833
89,06:01:29,2602,"{}",35.068494,129.099061
90,06:01:30,2601,"{}",35.069519,129.098846
90,06:01:30,2602,"{}",35.068494,129.099061
91,06:01:31,2601,"{}",35.069474,129.098858
91,06:01:31,2602,"{}",35.068494,129.099061
92,06:01:32,2601,"{}",35.069429,129.098871
92,06:01:32,2602,"{}",35.068494,129.099061
93,06:01:33,2601,"{}",35.069384,129.098883
93,06:01:33,2602,"{}",35.068494,129.099061
94,06:01:34,2601,"{}",35.069339,129.098896
94,06:01:34,2602,"{}",35.068494,129.099061
95,06:01:35,2601,"{}",35.069293,129.098908
95,06:01:35,2602,"{}",35.068494,129.099061
96,06:01:36,2601,"{}",35.069248,129.098921
96,06:01:36,2602,"{}",35.068494,129.099061
97,06:01:37,2601,"{}",35.069203,129.098933
97,06:01:37,2602,"{}",35.068494,129.099061
98,06:01:38,2601,"{}",35.069158,129.098946
98,06:01:38,2602,"{}",35.068494,129.099061
99,06:01:39,2601,"{}",35.069113,129.098959
99,06:01:39,2602,"{}",35.068494,129.099061
100,06:01:40,2601,"{}",35.069068,129.098971
100,06:01:40,2602,"{}",35.068494,129.099061
101,06:01:41,2601,"{}",35.069023,129.098984
101,06:01:41,2602,"{}",35.068494,129.099061
102,06:01:42,2601,"{}",35.068978,129.098996
102,06:01:42,2602,"{}",35.068494,129.099061
103,06:01:43,2601,"{}",35.068933,129.099009
103,06:01:43,2602,"{}",35.068494,129.099061
104,06:01:44,2601,"{}",35.068887,129.099021
104,06:01:44,2602,"{}",35.068494,129.099061
105,06:01:45,2601,"{}",35.068842,129.099034
105,06:01:45,2602,"{}",35.068494,129.099061
106,06:01:46,2601,"{}",35.068797,129.099046
106,06:01:46,2602,"{}",35.068494,129.099061
107,06:01:47,2601,"{}",35.068752,129.099059
107,06:01:47,2602,"{}",35.068494,129.099061
108,06:01:48,2601,"{}",35.068707,129.099071
108,06:01:48,2602,"{}",35.068494,129.099061
109,06:01:49,2601,"{}",35.068662,129.099084
109,06:01:49,2602,"{}",35.068494,129.099061
110,06:01:50,2601,"{}",35.068617,129.099097
110,06:01:50,2602,"{}",35.068494,129.099061
111,06:01:51,2601,"{}",35.068572,129.099109
111,06:01:51,2602,"{}",35.068494,129.099061
112,06:01:52,2601,"{}",35.068527,129.099122
112,06:01:52,2602,"{}",35.068494,129.099061
113,06:01:53,2601,"{}",35.068481,129.099134
113,06:01:53,2602,"{}",35.068494,129.099061
114,06:01:54,2601,"{}",35.068436,129.099147
114,06:01:54,2602,"{}",35.068494,129.099061
115,06:01:55,2601,"{}",35.068391,129.099159
115,06:01:55,2602,"{}",35.068494,129.099061
116,06:01:56,2601,"{}",35.068346,129.099172
116,06:01:56,2602,"{}",35.068494,129.099061
117,06:01:57,2601,"{}",35.068301,129.099184
117,06:01:57,2602,"{}",35.068494,129.099061
118,06:01:58,2601,"{}",35.068256,129.099197
118,06:01:58,2602,"{}",35.068494,129.099061
119,06:01:59,2601,"{}",35.068211,129.099209
119,06:01:59,2602,"{}",35.068494,129.099061
120,06:02:00,2601,"{}",35.068166,129.099222
120,06:02:00,2602,"{}",35.068494,129.099061
121,06:02:01,2601,"{}",35.068121,129.099235
121,06:02:01,2602,"{}",35.068494,129.099061
122,06:02:02,2601,"{}",35.068075,129.099247
122,06:02:02,2602,"{}",35.068494,129.099061
123,06:02:03,2601,"{}",35.06803,129.09926
123,06:02:03,2602,"{}",35.068494,129.099061
124,06:02:04,2601,"{}",35.067985,129.099272
124,06:02:04,2602,"{}",35.068494,129.099061
125,06:02:05,2601,"{}",35.06794,129.099285
125,06:02:05,2602,"{}",35.068494,129.099061
126,06:02:06,2601,"{}",35.067895,129.099297
126,06:02:06,2602,"{}",35.068494,129.099061
127,06:02:07,2601,"{}",35.06785,129.09931
127,06:02:07,2602,"{}",35.068494,129.099061
128,06:02:08,2601,"{}",35.067805,129.099322
128,06:02:08,2602,"{}",35.068494,129.099061
129,06:02:09,2601,"{}",35.06776,129.099335
129,06:02:09,2602,"{}",35.068494,129.099061
130,06:02:10,2601,"{}",35.067715,129.099347
130,06:02:10,2602,"{}",35.068494,129.099061
131,06:02:11,2601,"{}",35.067669,129.09936
131,06:02:11,2602,"{}",35.068494,129.099061
132,06:02:12,2601,"{}",35.067624,129.099372
132,06:02:12,2602,"{}",35.068494,129.099061
133,06:02:13,2601,"{}",35.067579,129.099385
133,06:02:13,2602,"{}",35.068494,129.099061
134,06:02:14,2601,"{}",35.067534,129.099398
134,06:02:14,2602,"{}",35.068494,129.099061
135,06:02:15,2601,"{}",35.067489,129.09941
135,06:02:15,2602,"{}",35.068494,129.099061
136,06:02:16,2601,"{}",35.067444,129.099423
136,06:02:16,2602,"{}",35.068494,129.099061
137,06:02:17,2601,"{}",35.067399,129.099435
137,06:02:17,2602,"{}",35.068494,129.099061
138,06:02:18,2601,"{}",35.067354,129.099448
138,06:02:18,2602,"{}",35.068494,129.099061
139,06:02:19,2601,"{}",35.067309,129.09946
139,06:02:19,2602,"{}",35.068494,129.099061
140,06:02:20,2601,"{}",35.067263,129.099473
140,06:02:20,2602,"{}",35.068494,129.099061
141,06:02:21,2601,"{}",35.067218,129.099485
141,06:02:21,2602,"{}",35.068494,129.099061
142,06:02:22,2601,"{}",35.067173,129.099498
142,06:02:22,2602,"{}",35.068494,129.099061
143,06:02:23,2601,"{}",35.067128,129.09951
143,06:02:23,2602,"{}",35.068494,129.099061
144,06:02:24,2601,"{}",35.067083,129.099523
144,06:02:24,2602,"{}",35.068494,129.099061
145,06:02:25,2601,"{}",35.067038,129.099536
145,06:02:25,2602,"{}",35.068494,129.099061
146,06:02:26,2601,"{}",35.066993,129.099548
146,06:02:26,2602,"{}",35.068494,129.099061
147,06:02:27,2601,"{}",35.066948,129.099561
147,06:02:27,2602,"{}",35.068494,129.099061
148,06:02:28,2601,"{}",35.066903,129.099573
148,06:02:28,2602,"{}",35.068494,129.099061
149,06:02:29,2601,"{}",35.066857,129.099586
149,06:02:29,2602,"{}",35.068494,129.099061
150,06:02:30,2601,"{}",35.066812,129.099598
150,06:02:30,2602,"{}",35.068494,129.099061
151,06:02:31,2601,"{}",35.066767,129.099611
151,06:02:31,2602,"{}",35.068494,129.099061
152,06:02:32,2601,"{}",35.066722,129.099623
152,06:02:32,2602,"{}",35.068494,129.099061
153,06:02:33,2601,"{}",35.066677,129.099636
153,06:02:33,2602,"{}",35.068494,129.099061
154,06:02:34,2601,"{}",35.066632,129.099648
154,06:02:34,2602,"{}",35.068494,129.099061
155,06:02:35,2601,"{}",35.066587,129.099661
155,06:02:35,2602,"{}",35.068494,129.099061
156,06:02:36,2601,"{}",35.066542,129.099674
156,06:02:36,2602,"{}",35.068494,129.099061
157,06:02:37,2601,"{}",35.066497,129.099686
157,06:02:37,2602,"{}",35.068494,129.099061
158,06:02:38,2601,"{}",35.066451,129.099699
158,06:02:38,2602,"{}",35.068494,129.099061
159,06:02:39,2601,"{}",35.066406,129.099711
159,06:02:39,2602,"{}",35.068494,129.099061
160,06:02:40,2601,"{}",35.066361,129.099724
160,06:02:40,2602,"{}",35.068494,129.099061
161,06:02:41,2601,"{}",35.066316,129.099736
161,06:02:41,2602,"{}",35.068494,129.099061
162,06:02:42,2601,"{}",35.066271,129.099749
162,06:02:42,2602,"{}",35.068494,129.099061
163,06:02:43,2601,"{}",35.066226,129.099761
163,06:02:43,2602,"{}",35.068494,129.099061
164,06:02:44,2601,"{}",35.066181,129.099774
164,06:02:44,2602,"{}",35.068494,129.099061
165,06:02:45,2601,"{}",35.066136,129.099786
165,06:02:45,2602,"{}",35.068494,129.099061
166,06:02:46,2601,"{}",35.066091,129.099799
166,06:02:46,2602,"{}",35.068494,129.099061
167,06:02:47,2601,"{}",35.066045,129.099812
167,06:02:47,2602,"{}",35.068494,129.099061
168,06:02:48,2601,"{}",35.066,129.099824
168,06:02:48,2602,"{}",35.068494,129.099061
169,06:02:49,2601,"{}",35.065955,129.099837
169,06:02:49,2602,"{}",35.068494,129.099061
170,06:02:50,2601,"{}",35.06591,129.099849
170,06:02:50,2602,"{}",35.068494,129.099061
171,06:02:51,2601,"{}",35.065865,129.099862
171,06:02:51,2602,"{}",35.068494,129.099061
172,06:02:52,2601,"{}",35.06582,129.099874
172,06:02:52,2602,"{}",35.068494,129.099061
173,06:02:53,2601,"{}",35.065775,129.099887
173,06:02:53,2602,"{}",35.068494,129.099061
174,06:02:54,2601,"{}",35.06573,129.099899
174,06:02:54,2602,"{}",35.068494,129.099061
175,06:02:55,2601,"{}",35.065685,129.099912
175,06:02:55,2602,"{}",35.068494,129.099061
176,06:02:56,2601,"{}",35.065639,129.099924
176,06:02:56,2602,"{}",35.068494,129.099061
177,06:02:57,2601,"{}",35.065594,129.099937
177,06:02:57,2602,"{}",35.068494,129.099061
178,06:02:58,2601,"{}",35.065549,129.09995
178,06:02:58,2602,"{}",35.068494,129.099061
179,06:02:59,2601,"{}",35.065504,129.099962
179,06:02:59,2602,"{}",35.068494,129.099061
180,06:03:00,2601,"{}",35.065459,129.099975
180,06:03:00,2602,"{}",35.068494,129.099061
181,06:03:01,2601,"{}",35.065414,129.099987
181,06:03:01,2602,"{}",35.068494,129.099061
182,06:03:02,2601,"{}",35.065369,129.1
182,06:03:02,2602,"{}",35.068494,129.099061
183,06:03:03,2601,"{}",35.065324,129.100012
183,06:03:03,2602,"{}",35.068494,129.099061
184,06:03:04,2601,"{}",35.065279,129.100025
184,06:03:04,2602,"{}",35.068494,129.099061
185,06:03:05,2601,"{}",35.065233,129.100037
185,06:03:05,2602,"{}",35.068494,129.099061
186,06:03:06,2601,"{}",35.065188,129.10005
186,06:03:06,2602,"{}",35.068494,129.099061
187,06:03:07,2601,"{}",35.065143,129.100062
187,06:03:07,2602,"{}",35.068494,129.099061
188,06:03:08,2601,"{}",35.065098,129.100075
188,06:03:08,2602,"{}",35.068494,129.099061
189,06:03:09,2601,"{}",35.065053,129.100088
189,06:03:09,2602,"{}",35.068494,129.099061
190,06:03:10,2601,"{}",35.065008,129.1001
190,06:03:10,2602,"{}",35.068494,129.099061
191,06:03:11,2601,"{}",35.064963,129.100113
191,06:03:11,2602,"{}",35.068494,129.099061
192,06:03:12,2601,"{}",35.064918,129.100125
192,06:03:12,2602,"{}",35.068494,129.099061
193,06:03:13,2601,"{}",35.064873,129.100138
193,06:03:13,2602,"{}",35.068494,129.099061
194,06:03:14,2601,"{}",35.064827,129.10015
194,06:03:14,2602,"{}",35.068494,129.099061
195,06:03:15,2601,"{}",35.064782,129.100163
195,06:03:15,2602,"{}",35.068494,129.099061
196,06:03:16,2601,"{}",35.064737,129.100175
196,06:03:16,2602,"{}",35.068494,129.099061
197,06:03:17,2601,"{}",35.064692,129.100188
197,06:03:17,2602,"{}",35.068494,129.099061
198,06:03:18,2601,"{}",35.064647,129.1002
198,06:03:18,2602,"{}",35.068494,129.099061
199,06:03:19,2601,"{}",35.064602,129.100213
199,06:03:19,2602,"{}",35.068494,129.099061
200,06:03:20,2601,"{}",35.064557,129.100226
200,06:03:20,2602,"{}",35.068494,129.099061
201,06:03:21,2601,"{}",35.064512,129.100238
201,06:03:21,2602,"{}",35.068494,129.099061
202,06:03:22,2601,"{}",35.064467,129.100251
202,06:03:22,2602,"{}",35.068494,129.099061
203,06:03:23,2601,"{}",35.064421,129.100263
203,06:03:23,2602,"{}",35.068494,129.099061
204,06:03:24,2601,"{}",35.060311,129.103761
204,06:03:24,2602,"{}",35.068494,129.099061
205,06:03:25,2601,"{}",35.060311,129.103761
205,06:03:25,2602,"{}",35.068494,129.099061
206,06:03:26,2601,"{}",35.060311,129.103761
206,06:03:26,2602,"{}",35.068494,129.099061
207,06:03:27,2601,"{}",35.060311,129.103761
207,06:03:27,2602,"{}",35.068494,129.099061
208,06:03:28,2601,"{}",35.060311,129.103761
208,06:03:28,2602,"{}",35.068494,129.099061
209,06:03:29,2601,"{}",35.060311,129.103761
209,06:03:29,2602,"{}",35.068494,129.099061
210,06:03:30,2601,"{}",35.060311,129.103761
210,06:03:30,2602,"{}",35.068494,129.099061
211,06:03:31,2601,"{}",35.060311,129.103761
211,06:03:31,2602,"{}",35.068494,129.099061
212,06:03:32,2601,"{}",35.060311,129.103761
212,06:03:32,2602,"{}",35.068494,129.099061
213,06:03:33,2601,"{}",35.060311,129.103761
213,06:03:33,2602,"{}",35.068494,129.099061
214,06:03:34,2601,"{}",35.060311,129.103761
214,06:03:34,2602,"{}",35.068494,129.099061
215,06:03:35,2601,"{}",35.060311,129.103761
215,06:03:35,2602,"{}",35.068494,129.099061
216,06:03:36,2601,"{}",35.060311,129.103761
216,06:03:36,2602,"{}",35.068494,129.099061
217,06:03:37,2601,"{}",35.060311,129.103761
217,06:03:37,2602,"{}",35.068494,129.099061
218,06:03:38,2601,"{}",35.060311,129.103761
218,06:03:38,2602,"{}",35.068494,129.099061
219,06:03:39,2601,"{}",35.060311,129.103761
219,06:03:39,2602,"{}",35.068494,129.099061
220,06:03:40,2601,"{}",35.060311,129.103761
220,06:03:40,2602,"{}",35.068494,129.099061
221,06:03:41,2601,"{}",35.060311,129.103761
221,06:03:41,2602,"{}",35.068494,129.099061
222,06:03:42,2601,"{}",35.060311,129.103761
222,06:03:42,2602,"{}",35.068494,129.099061
223,06:03:43,2601,"{}",35.060311,129.103761
223,06:03:43,2602,"{}",35.068494,129.099061
224,06:03:44,2601,"{}",35.060311,129.103761
224,06:03:44,2602,"{}",35.068494,129.099061
225,06:03:45,2601,"{}",35.060311,129.103761
225,06:03:45,2602,"{}",35.068494,129.099061
226,06:03:46,2601,"{}",35.060311,129.103761
226,06:03:46,2602,"{}",35.068494,129.099061
227,06:03:47,2601,"{}",35.060311,129.103761
227,06:03:47,2602,"{}",35.068494,129.099061
228,06:03:48,2601,"{}",35.060311,129.103761
228,06:03:48,2602,"{}",35.068494,129.099061
229,06:03:49,2601,"{}",35.060311,129.103761
229,06:03:49,2602,"{}",35.068494,129.099061
230,06:03:50,2601,"{}",35.060311,129.103761
230,06:03:50,2602,"{}",35.068494,129.099061
231,06:03:51,2601,"{}",35.060311,129.103761
231,06:03:51,2602,"{}",35.068494,129.099061
232,06:03:52,2601,"{}",35.060311,129.103761
232,06:03:52,2602,"{}",35.068494,129.099061
233,06:03:53,2601,"{}",35.060311,129.103761
233,06:03:53,2602,"{}",35.068494,129.099061
234,06:03:54,2601,"{}",35.060311,129.103761
234,06:03:54,2602,"{}",35.068494,129.099061
235,06:03:55,2601,"{}",35.060311,129.103761
235,06:03:55,2602,"{}",35.068494,129.099061
236,06:03:56,2601,"{}",35.060311,129.103761
236,06:03:56,2602,"{}",35.068494,129.099061
237,06:03:57,2601,"{}",35.060311,129.103761
237,06:03:57,2602,"{}",35.068494,129.099061
238,06:03:58,2601,"{}",35.060311,129.103761
238,06:03:58,2602,"{}",35.068494,129.099061
239,06:03:59,2601,"{}",35.060311,129.103761
239,06:03:59,2602,"{}",35.068494,129.099061
240,06:04:00,2601,"{}",35.060311,129.103761
240,06:04:00,2602,"{}",35.068494,129.099061
241,06:04:01,2601,"{}",35.060311,129.103761
241,06:04:01,2602,"{}",35.068494,129.099061
242,06:04:02,2601,"{}",35.060311,129.103761
242,06:04:02,2602,"{}",35.068494,129.099061
243,06:04:03,2601,"{}",35.060311,129.103761
243,06:04:03,2602,"{}",35.068494,129.099061
244,06:04:04,2601,"{}",35.060311,129.103761
244,06:04:04,2602,"{}",35.068494,129.099061
245,06:04:05,2601,"{}",35.060311,129.103761
245,06:04:05,2602,"{}",35.068494,129.099061
246,06:04:06,2601,"{}",35.060311,129.103761
246,06:04:06,2602,"{}",35.068494,129.099061
247,06:04:07,2601,"{}",35.060311,129.103761
247,06:04:07,2602,"{}",35.068494,129.099061
248,06:04:08,2601,"{}",35.060311,129.103761
248,06:04:08,2602,"{}",35.068494,129.099061
249,06:04:09,2601,"{}",35.060311,129.103761
249,06:04:09,2602,"{}",35.068494,129.099061
250,06:04:10,2601,"{}",35.060311,129.103761
250,06:04:10,2602,"{}",35.068494,129.099061
251,06:04:11,2601,"{}",35.060311,129.103761
251,06:04:11,2602,"{}",35.068494,129.099061
252,06:04:12,2601,"{}",35.060311,129.103761
252,06:04:12,2602,"{}",35.068494,129.099061
253,06:04:13,2601,"{}",35.060311,129.103761
253,06:04:13,2602,"{}",35.068494,129.099061
254,06:04:14,2601,"{}",35.060311,129.103761
254,06:04:14,2602,"{}",35.068494,129.099061
255,06:04:15,2601,"{}",35.060311,129.103761
255,06:04:15,2602,"{}",35.068494,129.099061
256,06:04:16,2601,"{}",35.060311,129.103761
256,06:04:16,2602,"{}",35.068494,129.099061
257,06:04:17,2601,"{}",35.060311,129.103761
257,06:04:17,2602,"{}",35.068494,129.099061
258,06:04:18,2601,"{}",35.060311,129.103761
258,06:04:18,2602,"{}",35.068494,129.099061
259,06:04:19,2601,"{}",35.060311,129.103761
259,06:04:19,2602,"{}",35.068494,129.099061
260,06:04:20,2601,"{}",35.060311,129.103761
260,06:04:20,2602,"{}",35.068494,129.099061
261,06:04:21,2601,"{}",35.060311,129.103761
261,06:04:21,2602,"{}",35.068494,129.099061
262,06:04:22,2601,"{}",35.060311,129.103761
262,06:04:22,2602,"{}",35.068494,129.099061
263,06:04:23,2601,"{}",35.060311,129.103761
263,06:04:23,2602,"{}",35.068494,129.099061
264,06:04:24,2601,"{}",35.060311,129.103761
264,06:04:24,2602,"{}",35.068494,129.099061
265,06:04:25,2601,"{}",35.060311,129.103761
265,06:04:25,2602,"{}",35.068494,129.099061
266,06:04:26,2601,"{}",35.060311,129.103761
266,06:04:26,2602,"{}",35.068494,129.099061
267,06:04:27,2601,"{}",35.060337,129.103713
267,06:04:27,2602,"{}",35.071792,129.095894
268,06:04:28,2601,"{}",35.060362,129.103666
268,06:04:28,2602,"{}",35.072121,129.096074
269,06:04:29,2601,"{}",35.060387,129.103618
269,06:04:29,2602,"{}",35.07177,129.096003
270,06:04:30,2601,"{}",35.060412,129.103571
270,06:04:30,2602,"{}",35.072099,129.096183
271,06:04:31,2601,"{}",35.060437,129.103524
271,06:04:31,2602,"{}",35.071748,129.096113
272,06:04:32,2601,"{}",35.060463,129.103476
272,06:04:32,2602,"{}",35.072077,129.096293
273,06:04:33,2601,"{}",35.060488,129.103429
273,06:04:33,2602,"{}",35.071726,129.096222
274,06:04:34,2601,"{}",35.060513,129.103382
274,06:04:34,2602,"{}",35.072055,129.096402
275,06:04:35,2601,"{}",35.060538,129.103334
275,06:04:35,2602,"{}",35.071704,129.096331
276,06:04:36,2601,"{}",35.060564,129.103287
276,06:04:36,2602,"{}",35.071349,129.096317
277,06:04:37,2601,"{}",35.060589,129.103239
277,06:04:37,2602,"{}",35.07117,129.09636
278,06:04:38,2601,"{}",35.060614,129.103192
278,06:04:38,2602,"{}",35.071169,129.096416
279,06:04:39,2601,"{}",35.060639,129.103145
279,06:04:39,2602,"{}",35.071167,129.096473
280,06:04:40,2601,"{}",35.060664,129.103097
280,06:04:40,2602,"{}",35.071166,129.096529
281,06:04:41,2601,"{}",35.06069,129.10305
281,06:04:41,2602,"{}",35.071164,129.096586
282,06:04:42,2601,"{}",35.060715,129.103002
282,06:04:42,2602,"{}",35.071163,129.096642
283,06:04:43,2601,"{}",35.06074,129.102955
283,06:04:43,2602,"{}",35.071161,129.096699
284,06:04:44,2601,"{}",35.060765,129.102908
284,06:04:44,2602,"{}",35.07116,129.096755
285,06:04:45,2601,"{}",35.06079,129.10286
285,06:04:45,2602,"{}",35.071159,129.096812
286,06:04:46,2601,"{}",35.060816,129.102813
286,06:04:46,2602,"{}",35.071157,129.096868
287,06:04:47,2601,"{}",35.060841,129.102765
287,06:04:47,2602,"{}",35.071156,129.096925
288,06:04:48,2601,"{}",35.060866,129.102718
288,06:04:48,2602,"{}",35.071154,129.096981
289,06:04:49,2601,"{}",35.060891,129.102671
289,06:04:49,2602,"{}",35.071153,129.097038
290,06:04:50,2601,"{}",35.060917,129.102623
290,06:04:50,2602,"{}",35.071151,129.097094
291,06:04:51,2601,"{}",35.060942,129.102576
291,06:04:51,2602,"{}",35.07115,129.097151
292,06:04:52,2601,"{}",35.060967,129.102528
292,06:04:52,2602,"{}",35.071148,129.097207
293,06:04:53,2601,"{}",35.060992,129.102481
293,06:04:53,2602,"{}",35.071147,129.097264
294,06:04:54,2601,"{}",35.061017,129.102434
294,06:04:54,2602,"{}",35.071145,129.09732
295,06:04:55,2601,"{}",35.061043,129.102386
295,06:04:55,2602,"{}",35.071144,129.097377
296,06:04:56,2601,"{}",35.061068,129.102339
296,06:04:56,2602,"{}",35.071142,129.097433
297,06:04:57,2601,"{}",35.061093,129.102292
297,06:04:57,2602,"{}",35.071141,129.09749
298,06:04:58,2601,"{}",35.060309,129.097802
298,06:04:58,2602,"{}",35.071139,129.097546
299,06:04:59,2601,"{}",35.060348,129.097832
299,06:04:59,2602,"{}",35.071138,129.097603
300,06:05:00,2601,"{}",35.060387,129.097862
300,06:05:00,2602,"{}",35.071137,129.097659
301,06:05:01,2601,"{}",35.061049,129.097028
301,06:05:01,2602,"{}",35.071135,129.097716
302,06:05:02,2601,"{}",35.061077,129.097073
302,06:05:02,2602,"{}",35.071134,129.097772
303,06:05:03,2601,"{}",35.061106,129.097118
303,06:05:03,2602,"{}",35.071132,129.097829
304,06:05:04,2601,"{}",35.061134,129.097162
304,06:05:04,2602,"{}",35.071131,129.097885
305,06:05:05,2601,"{}",35.061162,129.097207
305,06:05:05,2602,"{}",35.071129,129.097942
306,06:05:06,2601,"{}",35.061191,129.097251
306,06:05:06,2602,"{}",35.071128,129.097998
307,06:05:07,2601,"{}",35.061546,129.097016
307,06:05:07,2602,"{}",35.071126,129.098055
308,06:05:08,2601,"{}",35.061568,129.097065
308,06:05:08,2602,"{}",35.071125,129.098111
309,06:05:09,2601,"{}",35.061591,129.097114
309,06:05:09,2602,"{}",35.071123,129.098168
310,06:05:10,2601,"{}",35.061614,129.097163
310,06:05:10,2602,"{}",35.071122,129.098224
311,06:05:11,2601,"{}",35.061637,129.097213
311,06:05:11,2602,"{}",35.07112,129.098281
312,06:05:12,2601,"{}",35.061659,129.097262
312,06:05:12,2602,"{}",35.071119,129.098337
313,06:05:13,2601,"{}",35.061866,129.097183
313,06:05:13,2602,"{}",35.071118,129.098394
314,06:05:14,2601,"{}",35.061886,129.097234
314,06:05:14,2602,"{}",35.071116,129.09845
315,06:05:15,2601,"{}",35.061905,129.097285
315,06:05:15,2602,"{}",35.071115,129.098507
316,06:05:16,2601,"{}",35.061925,129.097337
316,06:05:16,2602,"{}",35.071113,129.098563
317,06:05:17,2601,"{}",35.061944,129.097388
317,06:05:17,2602,"{}",35.071112,129.09862
318,06:05:18,2601,"{}",35.061964,129.097439
318,06:05:18,2602,"{}",35.07111,129.098676
319,06:05:19,2601,"{}",35.062103,129.097414
319,06:05:19,2602,"{}",35.071109,129.098733
320,06:05:20,2601,"{}",35.062121,129.097466
320,06:05:20,2602,"{}",35.071107,129.098789
321,06:05:21,2601,"{}",35.062138,129.097519
321,06:05:21,2602,"{}",35.071106,129.098846
322,06:05:22,2601,"{}",35.062155,129.097571
322,06:05:22,2602,"{}",35.071104,129.098902
323,06:05:23,2601,"{}",35.062173,129.097623
323,06:05:23,2602,"{}",35.071103,129.098959
324,06:05:24,2601,"{}",35.06219,129.097676
324,06:05:24,2602,"{}",35.071101,129.099015
325,06:05:25,2601,"{}",35.062296,129.097674
325,06:05:25,2602,"{}",35.0711,129.099072
326,06:05:26,2601,"{}",35.062312,129.097727
326,06:05:26,2602,"{}",35.071099,129.099128
327,06:05:27,2601,"{}",35.062328,129.09778
327,06:05:27,2602,"{}",35.071098,129.099185
328,06:05:28,2601,"{}",35.062343,129.097834
328,06:05:28,2602,"{}",35.071097,129.099241
329,06:05:29,2601,"{}",35.062359,129.097887
329,06:05:29,2602,"{}",35.071095,129.099298
330,06:05:30,2601,"{}",35.062375,129.09794
330,06:05:30,2602,"{}",35.071094,129.099354
331,06:05:31,2601,"{}",35.062454,129.097955
331,06:05:31,2602,"{}",35.071092,129.099411
332,06:05:32,2601,"{}",35.062468,129.098008
332,06:05:32,2602,"{}",35.071091,129.099467
333,06:05:33,2601,"{}",35.062483,129.098062
333,06:05:33,2602,"{}",35.071089,129.099524
334,06:05:34,2601,"{}",35.062497,129.098115
334,06:05:34,2602,"{}",35.071088,129.09958
335,06:05:35,2601,"{}",35.062512,129.098169
335,06:05:35,2602,"{}",35.071086,129.099637
336,06:05:36,2601,"{}",35.062527,129.098223
336,06:05:36,2602,"{}",35.071085,129.099693
337,06:05:37,2601,"{}",35.062578,129.098249
337,06:05:37,2602,"{}",35.071083,129.09975
338,06:05:38,2601,"{}",35.062592,129.098303
338,06:05:38,2602,"{}",35.071082,129.099806
339,06:05:39,2601,"{}",35.062606,129.098357
339,06:05:39,2602,"{}",35.07108,129.099863
340,06:05:40,2601,"{}",35.062619,129.098411
340,06:05:40,2602,"{}",35.071079,129.099919
341,06:05:41,2601,"{}",35.062633,129.098464
341,06:05:41,2602,"{}",35.071077,129.099976
342,06:05:42,2601,"{}",35.062667,129.098498
342,06:05:42,2602,"{}",35.071076,129.100032
343,06:05:43,2601,"{}",35.062681,129.098552
343,06:05:43,2602,"{}",35.071075,129.100089
344,06:05:44,2601,"{}",35.062695,129.098606
344,06:05:44,2602,"{}",35.071073,129.100145
345,06:05:45,2601,"{}",35.062708,129.09866
345,06:05:45,2602,"{}",35.071072,129.100202
346,06:05:46,2601,"{}",35.062722,129.098715
346,06:05:46,2602,"{}",35.07107,129.100258
347,06:05:47,2601,"{}",35.062735,129.098769
347,06:05:47,2602,"{}",35.071069,129.100315
348,06:05:48,2601,"{}",35.062752,129.09881
348,06:05:48,2602,"{}",35.071067,129.100371
349,06:05:49,2601,"{}",35.062765,129.098864
349,06:05:49,2602,"{}",35.071066,129.100428
350,06:05:50,2601,"{}",35.062779,129.098918
350,06:05:50,2602,"{}",35.071064,129.100484
351,06:05:51,2601,"{}",35.062792,129.098972
351,06:05:51,2602,"{}",35.071063,129.100541
352,06:05:52,2601,"{}",35.062806,129.099026
352,06:05:52,2602,"{}",35.071061,129.100597
353,06:05:53,2601,"{}",35.062819,129.09908
353,06:05:53,2602,"{}",35.07106,129.100654
354,06:05:54,2601,"{}",35.062818,129.099128
354,06:05:54,2602,"{}",35.071058,129.10071
355,06:05:55,2601,"{}",35.062832,129.099182
355,06:05:55,2602,"{}",35.071057,129.100767
356,06:05:56,2601,"{}",35.062845,129.099236
356,06:05:56,2602,"{}",35.071056,129.100823
357,06:05:57,2601,"{}",35.062859,129.09929
357,06:05:57,2602,"{}",35.071054,129.10088
358,06:05:58,2601,"{}",35.062873,129.099344
358,06:05:58,2602,"{}",35.071053,129.100936
359,06:05:59,2601,"{}",35.062886,129.099398
359,06:05:59,2602,"{}",35.071051,129.100993
360,06:06:00,2601,"{}",35.062871,129.099451
360,06:06:00,2602,"{}",35.07105,129.101049
361,06:06:01,2601,"{}",35.062885,129.099505
361,06:06:01,2602,"{}",35.071048,129.101106
362,06:06:02,2601,"{}",35.062899,129.099559
362,06:06:02,2602,"{}",35.071047,129.101162
363,06:06:03,2601,"{}",35.062913,129.099612
363,06:06:03,2602,"{}",35.071045,129.101219
364,06:06:04,2601,"{}",35.062927,129.099666
364,06:06:04,2602,"{}",35.071044,129.101275
365,06:06:05,2601,"{}",35.062941,129.099719
365,06:06:05,2602,"{}",35.071042,129.101332
366,06:06:06,2601,"{}",35.062901,129.099782
366,06:06:06,2602,"{}",35.071041,129.101388
367,06:06:07,2601,"{}",35.062916,129.099836
367,06:06:07,2602,"{}",35.071039,129.101445
368,06:06:08,2601,"{}",35.062931,129.099889
368,06:06:08,2602,"{}",35.071038,129.101501
369,06:06:09,2601,"{}",35.062946,129.099943
369,06:06:09,2602,"{}",35.071036,129.101558
370,06:06:10,2601,"{}",35.062961,129.099996
370,06:06:10,2602,"{}",35.071035,129.101614
371,06:06:11,2601,"{}",35.062976,129.10005
371,06:06:11,2602,"{}",35.071034,129.101671
372,06:06:12,2601,"{}",35.062914,129.100125
372,06:06:12,2602,"{}",35.071032,129.101727
373,06:06:13,2601,"{}",35.062931,129.100178
373,06:06:13,2602,"{}",35.071031,129.101784
374,06:06:14,2601,"{}",35.062947,129.100231
374,06:06:14,2602,"{}",35.071029,129.10184
375,06:06:15,2601,"{}",35.062963,129.100284
375,06:06:15,2602,"{}",35.071028,129.101897
376,06:06:16,2601,"{}",35.062979,129.100337
376,06:06:16,2602,"{}",35.071026,129.101953
377,06:06:17,2601,"{}",35.062996,129.10039
377,06:06:17,2602,"{}",35.071025,129.10201
378,06:06:18,2601,"{}",35.062914,129.100479
378,06:06:18,2602,"{}",35.071023,129.102066
379,06:06:19,2601,"{}",35.062931,129.100531
379,06:06:19,2602,"{}",35.071022,129.102123
380,06:06:20,2601,"{}",35.062949,129.100583
380,06:06:20,2602,"{}",35.07102,129.102179
381,06:06:21,2601,"{}",35.062967,129.100635
381,06:06:21,2602,"{}",35.071019,129.102236
382,06:06:22,2601,"{}",35.062985,129.100687
382,06:06:22,2602,"{}",35.071017,129.102292
383,06:06:23,2601,"{}",35.063003,129.100739
383,06:06:23,2602,"{}",35.071016,129.102349
384,06:06:24,2601,"{}",35.062886,129.100853
384,06:06:24,2602,"{}",35.071014,129.102405
385,06:06:25,2601,"{}",35.062906,129.100904
385,06:06:25,2602,"{}",35.071013,129.102462
386,06:06:26,2601,"{}",35.062926,129.100954
386,06:06:26,2602,"{}",35.071012,129.102518
387,06:06:27,2601,"{}",35.062946,129.101005
387,06:06:27,2602,"{}",35.07101,129.102575
388,06:06:28,2601,"{}",35.062966,129.101056
388,06:06:28,2602,"{}",35.071009,129.102631
389,06:06:29,2601,"{}",35.062986,129.101107
389,06:06:29,2602,"{}",35.071007,129.102688
390,06:06:30,2601,"{}",35.062826,129.101261
390,06:06:30,2602,"{}",35.071006,129.102744
391,06:06:31,2601,"{}",35.062849,129.10131
391,06:06:31,2602,"{}",35.071004,129.102801
392,06:06:32,2601,"{}",35.062872,129.101359
392,06:06:32,2602,"{}",35.071003,129.102857
393,06:06:33,2601,"{}",35.062895,129.101408
393,06:06:33,2602,"{}",35.071001,129.102914
394,06:06:34,2601,"{}",35.062919,129.101456
394,06:06:34,2602,"{}",35.071,129.10297
395,06:06:35,2601,"{}",35.062942,129.101505
395,06:06:35,2602,"{}",35.070998,129.103027
396,06:06:36,2601,"{}",35.062708,129.101748
396,06:06:36,2602,"{}",35.070997,129.103083
397,06:06:37,2601,"{}",35.062735,129.101794
397,06:06:37,2602,"{}",35.070995,129.10314
398,06:06:38,2601,"{}",35.062763,129.101839
398,06:06:38,2602,"{}",35.070994,129.103196
399,06:06:39,2601,"{}",35.062791,129.101884
399,06:06:39,2602,"{}",35.070992,129.103253
400,06:06:40,2601,"{}",35.062818,129.10193
400,06:06:40,2602,"{}",35.070991,129.103309
401,06:06:41,2601,"{}",35.062519,129.102309
401,06:06:41,2602,"{}",35.070989,129.103366
402,06:06:42,2601,"{}",35.062553,129.102348
402,06:06:42,2602,"{}",35.070988,129.103422
403,06:06:43,2601,"{}",35.062586,129.102388
403,06:06:43,2602,"{}",35.070987,129.103479
404,06:06:44,2601,"{}",35.062619,129.102427
404,06:06:44,2602,"{}",35.070985,129.103535
405,06:06:45,2601,"{}",35.062652,129.102466
405,06:06:45,2602,"{}",35.070984,129.103592
406,06:06:46,2601,"{}",35.062685,129.102506
406,06:06:46,2602,"{}",35.070982,129.103648
407,06:06:47,2601,"{}",35.062335,129.103134
407,06:06:47,2602,"{}",35.070981,129.103705
408,06:06:48,2601,"{}",35.062374,129.103163
408,06:06:48,2602,"{}",35.070979,129.103761
409,06:06:49,2601,"{}",35.062413,129.103193
409,06:06:49,2602,"{}",35.070978,129.103818
410,06:06:50,2601,"{}",35.062453,129.103222
410,06:06:50,2602,"{}",35.070976,129.103874
411,06:06:51,2601,"{}",35.062492,129.103251
411,06:06:51,2602,"{}",35.070975,129.103931
412,06:06:52,2601,"{}",35.062532,129.10328
412,06:06:52,2602,"{}",35.070973,129.103987
413,06:06:53,2601,"{}",35.062259,129.10419
413,06:06:53,2602,"{}",35.070972,129.104044
414,06:06:54,2601,"{}",35.062304,129.104204
414,06:06:54,2602,"{}",35.07097,129.1041
415,06:06:55,2601,"{}",35.062348,129.104218
415,06:06:55,2602,"{}",35.073013,129.109443
416,06:06:56,2601,"{}",35.062393,129.104231
416,06:06:56,2602,"{}",35.073013,129.109443
417,06:06:57,2601,"{}",35.062437,129.104245
417,06:06:57,2602,"{}",35.072976,129.109408
418,06:06:58,2601,"{}",35.062482,129.104259
418,06:06:58,2602,"{}",35.07294,129.109374
419,06:06:59,2601,"{}",35.06244,129.10528
419,06:06:59,2602,"{}",35.072903,129.109339
420,06:07:00,2601,"{}",35.062486,129.105277
420,06:07:00,2602,"{}",35.072867,129.109304
421,06:07:01,2601,"{}",35.062532,129.105273
421,06:07:01,2602,"{}",35.072831,129.10927
422,06:07:02,2601,"{}",35.062578,129.10527
422,06:07:02,2602,"{}",35.072794,129.109235
423,06:07:03,2601,"{}",35.062624,129.105266
423,06:07:03,2602,"{}",35.072758,129.1092
424,06:07:04,2601,"{}",35.06267,129.105263
424,06:07:04,2602,"{}",35.072721,129.109166
425,06:07:05,2601,"{}",35.062852,129.106138
425,06:07:05,2602,"{}",35.072685,129.109131
426,06:07:06,2601,"{}",35.062896,129.106119
426,06:07:06,2602,"{}",35.072648,129.109096
427,06:07:07,2601,"{}",35.06294,129.106101
427,06:07:07,2602,"{}",35.072612,129.109062
428,06:07:08,2601,"{}",35.062983,129.106082
428,06:07:08,2602,"{}",35.072575,129.109027
429,06:07:09,2601,"{}",35.063027,129.106063
429,06:07:09,2602,"{}",35.072539,129.108992
430,06:07:10,2601,"{}",35.063071,129.106045
430,06:07:10,2602,"{}",35.072502,129.108957
431,06:07:11,2601,"{}",35.063374,129.106702
431,06:07:11,2602,"{}",35.072466,129.108923
432,06:07:12,2601,"{}",35.063413,129.106672
432,06:07:12,2602,"{}",35.072429,129.108888
433,06:07:13,2601,"{}",35.063452,129.106641
433,06:07:13,2602,"{}",35.072393,129.108853
434,06:07:14,2601,"{}",35.063491,129.106611
434,06:07:14,2602,"{}",35.072357,129.108819
435,06:07:15,2601,"{}",35.06353,129.106581
435,06:07:15,2602,"{}",35.07232,129.108784
436,06:07:16,2601,"{}",35.063876,129.107049
436,06:07:16,2602,"{}",35.072284,129.108749
437,06:07:17,2601,"{}",35.06391,129.10701
437,06:07:17,2602,"{}",35.072247,129.108715
438,06:07:18,2601,"{}",35.063943,129.106972
438,06:07:18,2602,"{}",35.072211,129.10868
439,06:07:19,2601,"{}",35.063977,129.106933
439,06:07:19,2602,"{}",35.072174,129.108645
440,06:07:20,2601,"{}",35.06401,129.106894
440,06:07:20,2602,"{}",35.072138,129.108611
441,06:07:21,2601,"{}",35.064044,129.106855
441,06:07:21,2602,"{}",35.072101,129.108576
442,06:07:22,2601,"{}",35.06442,129.107203
442,06:07:22,2602,"{}",35.072065,129.108541
443,06:07:23,2601,"{}",35.064447,129.107157
443,06:07:23,2602,"{}",35.072028,129.108507
444,06:07:24,2601,"{}",35.064475,129.107112
444,06:07:24,2602,"{}",35.071992,129.108472
445,06:07:25,2601,"{}",35.064502,129.107067
445,06:07:25,2602,"{}",35.071955,129.108437
446,06:07:26,2601,"{}",35.06453,129.107021
446,06:07:26,2602,"{}",35.071919,129.108403
447,06:07:27,2601,"{}",35.064558,129.106976
447,06:07:27,2602,"{}",35.071882,129.108368
448,06:07:28,2601,"{}",35.064981,129.10724
448,06:07:28,2602,"{}",35.071846,129.108333
449,06:07:29,2601,"{}",35.065002,129.10719
449,06:07:29,2602,"{}",35.07181,129.108299
450,06:07:30,2601,"{}",35.065022,129.107139
450,06:07:30,2602,"{}",35.071773,129.108264
451,06:07:31,2601,"{}",35.065043,129.107089
451,06:07:31,2602,"{}",35.071737,129.108229
452,06:07:32,2601,"{}",35.065064,129.107038
452,06:07:32,2602,"{}",35.0717,129.108195
453,06:07:33,2601,"{}",35.065084,129.106988
453,06:07:33,2602,"{}",35.071664,129.10816
454,06:07:34,2601,"{}",35.065621,129.107186
454,06:07:34,2602,"{}",35.071627,129.108125
455,06:07:35,2601,"{}",35.065633,129.107132
455,06:07:35,2602,"{}",35.071591,129.108091
456,06:07:36,2601,"{}",35.065645,129.107077
456,06:07:36,2602,"{}",35.071196,129.108517
457,06:07:37,2601,"{}",35.065656,129.107022
457,06:07:37,2602,"{}",35.071166,129.108475
458,06:07:38,2601,"{}",35.065668,129.106968
458,06:07:38,2602,"{}",35.071136,129.108432
459,06:07:39,2601,"{}",35.06568,129.106913
459,06:07:39,2602,"{}",35.071105,129.108389
460,06:07:40,2601,"{}",35.066362,129.106974
460,06:07:40,2602,"{}",35.071075,129.108347
461,06:07:41,2601,"{}",35.066362,129.106918
461,06:07:41,2602,"{}",35.071045,129.108304
462,06:07:42,2601,"{}",35.066362,129.106861
462,06:07:42,2602,"{}",35.071106,129.108174
463,06:07:43,2601,"{}",35.066362,129.106805
463,06:07:43,2602,"{}",35.071075,129.108133
464,06:07:44,2601,"{}",35.066362,129.106748
464,06:07:44,2602,"{}",35.071043,129.108092
465,06:07:45,2601,"{}",35.066362,129.106692
465,06:07:45,2602,"{}",35.071011,129.108051
466,06:07:46,2601,"{}",35.067142,129.106505
466,06:07:46,2602,"{}",35.070979,129.10801
467,06:07:47,2601,"{}",35.067129,129.106451
467,06:07:47,2602,"{}",35.07122,129.107621
468,06:07:48,2601,"{}",35.067115,129.106396
468,06:07:48,2602,"{}",35.071184,129.107587
469,06:07:49,2601,"{}",35.067101,129.106342
469,06:07:49,2602,"{}",35.071149,129.107552
470,06:07:50,2601,"{}",35.067088,129.106288
470,06:07:50,2602,"{}",35.071112,129.107517
471,06:07:51,2601,"{}",35.067835,129.105793
471,06:07:51,2602,"{}",35.071076,129.107482
472,06:07:52,2601,"{}",35.067809,129.105747
472,06:07:52,2602,"{}",35.07104,129.107448
473,06:07:53,2601,"{}",35.067782,129.105701
473,06:07:53,2602,"{}",35.071336,129.106772
474,06:07:54,2601,"{}",35.067755,129.105654
474,06:07:54,2602,"{}",35.071294,129.106748
475,06:07:55,2601,"{}",35.067729,129.105608
475,06:07:55,2602,"{}",35.071252,129.106724
476,06:07:56,2601,"{}",35.067702,129.105562
476,06:07:56,2602,"{}",35.07121,129.106701
477,06:07:57,2601,"{}",35.068204,129.104936
477,06:07:57,2602,"{}",35.071169,129.106677
478,06:07:58,2601,"{}",35.068169,129.1049
478,06:07:58,2602,"{}",35.071127,129.106653
479,06:07:59,2601,"{}",35.068133,129.104863
479,06:07:59,2602,"{}",35.071318,129.105697
480,06:08:00,2601,"{}",35.068098,129.104827
480,06:08:00,2602,"{}",35.071272,129.105689
481,06:08:01,2601,"{}",35.068062,129.104791
481,06:08:01,2602,"{}",35.071226,129.105681
482,06:08:02,2601,"{}",35.068027,129.104755
482,06:08:02,2602,"{}",35.071181,129.105674
483,06:08:03,2601,"{}",35.068291,129.104201
483,06:08:03,2602,"{}",35.071135,129.105666
484,06:08:04,2601,"{}",35.068251,129.104174
484,06:08:04,2602,"{}",35.07109,129.105659
485,06:08:05,2601,"{}",35.06821,129.104146
485,06:08:05,2602,"{}",35.071036,129.104647
486,06:08:06,2601,"{}",35.068169,129.104119
486,06:08:06,2602,"{}",35.070991,129.104656
487,06:08:07,2601,"{}",35.068129,129.104092
487,06:08:07,2602,"{}",35.070945,129.104666
488,06:08:08,2601,"{}",35.068088,129.104065
488,06:08:08,2602,"{}",35.0709,129.104676
489,06:08:09,2601,"{}",35.068208,129.103637
489,06:08:09,2602,"{}",35.070854,129.104686
490,06:08:10,2601,"{}",35.068165,129.103617
490,06:08:10,2602,"{}",35.070589,129.10383
491,06:08:11,2601,"{}",35.068122,129.103597
491,06:08:11,2602,"{}",35.070548,129.103855
492,06:08:12,2601,"{}",35.068078,129.103577
492,06:08:12,2602,"{}",35.070506,129.103879
493,06:08:13,2601,"{}",35.068035,129.103556
493,06:08:13,2602,"{}",35.070465,129.103904
494,06:08:14,2601,"{}",35.067992,129.103536
494,06:08:14,2602,"{}",35.070423,129.103928
495,06:08:15,2601,"{}",35.068038,129.103217
495,06:08:15,2602,"{}",35.070382,129.103953
496,06:08:16,2601,"{}",35.067993,129.103202
496,06:08:16,2602,"{}",35.070029,129.103354
497,06:08:17,2601,"{}",35.067949,129.103187
497,06:08:17,2602,"{}",35.069993,129.103389
498,06:08:18,2601,"{}",35.067904,129.103172
498,06:08:18,2602,"{}",35.069957,129.103424
499,06:08:19,2601,"{}",35.067859,129.103158
499,06:08:19,2602,"{}",35.06992,129.10346
500,06:08:20,2601,"{}",35.067866,129.102931
500,06:08:20,2602,"{}",35.069884,129.103495
501,06:08:21,2601,"{}",35.06782,129.10292
501,06:08:21,2602,"{}",35.069848,129.10353
502,06:08:22,2601,"{}",35.067775,129.102909
502,06:08:22,2602,"{}",35.069481,129.10313
503,06:08:23,2601,"{}",35.06773,129.102897
503,06:08:23,2602,"{}",35.069451,129.103173
504,06:08:24,2601,"{}",35.067684,129.102886
504,06:08:24,2602,"{}",35.06942,129.103216
505,06:08:25,2601,"{}",35.067639,129.102875
505,06:08:25,2602,"{}",35.06939,129.103258
506,06:08:26,2601,"{}",35.067626,129.102703
506,06:08:26,2602,"{}",35.06936,129.103301
507,06:08:27,2601,"{}",35.06758,129.102695
507,06:08:27,2602,"{}",35.06933,129.103344
508,06:08:28,2601,"{}",35.067534,129.102687
508,06:08:28,2602,"{}",35.068944,129.103058
509,06:08:29,2601,"{}",35.067488,129.102679
509,06:08:29,2602,"{}",35.06892,129.103106
510,06:08:30,2601,"{}",35.067443,129.10267
510,06:08:30,2602,"{}",35.068896,129.103154
511,06:08:31,2601,"{}",35.067397,129.102662
511,06:08:31,2602,"{}",35.068873,129.103203
512,06:08:32,2601,"{}",35.067372,129.102539
512,06:08:32,2602,"{}",35.068849,129.103251
513,06:08:33,2601,"{}",35.067326,129.102532
513,06:08:33,2602,"{}",35.068407,129.103036
514,06:08:34,2601,"{}",35.06728,129.102526
514,06:08:34,2602,"{}",35.068391,129.103088
515,06:08:35,2601,"{}",35.067234,129.10252
515,06:08:35,2602,"{}",35.068374,129.103141
516,06:08:36,2601,"{}",35.067188,129.102514
516,06:08:36,2602,"{}",35.068357,129.103194
517,06:08:37,2601,"{}",35.067142,129.102507
517,06:08:37,2602,"{}",35.06834,129.103246
518,06:08:38,2601,"{}",35.067112,129.10242
518,06:08:38,2602,"{}",35.068324,129.103299
519,06:08:39,2601,"{}",35.067067,129.102415
519,06:08:39,2602,"{}",35.0678,129.103168
520,06:08:40,2601,"{}",35.067021,129.10241
520,06:08:40,2602,"{}",35.067792,129.103224
521,06:08:41,2601,"{}",35.066975,129.102405
521,06:08:41,2602,"{}",35.067784,129.103279
522,06:08:42,2601,"{}",35.066929,129.1024
522,06:08:42,2602,"{}",35.067776,129.103335
523,06:08:43,2601,"{}",35.066883,129.102395
523,06:08:43,2602,"{}",35.067768,129.10339
524,06:08:44,2601,"{}",35.06685,129.10234
524,06:08:44,2602,"{}",35.06776,129.103446
525,06:08:45,2601,"{}",35.066803,129.102336
525,06:08:45,2602,"{}",35.067088,129.103451
526,06:08:46,2601,"{}",35.066757,129.102332
526,06:08:46,2602,"{}",35.067091,129.103507
527,06:08:47,2601,"{}",35.066711,129.102328
527,06:08:47,2602,"{}",35.067095,129.103564
528,06:08:48,2601,"{}",35.066665,129.102324
528,06:08:48,2602,"{}",35.067098,129.10362
529,06:08:49,2601,"{}",35.066619,129.10232
529,06:08:49,2602,"{}",35.067102,129.103676
530,06:08:50,2601,"{}",35.066584,129.102289
530,06:08:50,2602,"{}",35.067105,129.103733
531,06:08:51,2601,"{}",35.066538,129.102285
531,06:08:51,2602,"{}",35.066349,129.103989
532,06:08:52,2601,"{}",35.066491,129.102282
532,06:08:52,2602,"{}",35.066365,129.104041
533,06:08:53,2601,"{}",35.066445,129.102278
533,06:08:53,2602,"{}",35.066382,129.104094
534,06:08:54,2601,"{}",35.066399,129.102275
534,06:08:54,2602,"{}",35.066399,129.104147
535,06:08:55,2601,"{}",35.066353,129.102272
535,06:08:55,2602,"{}",35.066416,129.104199
536,06:08:56,2601,"{}",35.066317,129.102255
536,06:08:56,2602,"{}",35.065692,129.104768
537,06:08:57,2601,"{}",35.066271,129.102252
537,06:08:57,2602,"{}",35.065721,129.104812
538,06:08:58,2601,"{}",35.066225,129.102248
538,06:08:58,2602,"{}",35.06575,129.104855
539,06:08:59,2601,"{}",35.066179,129.102245
539,06:08:59,2602,"{}",35.06578,129.104899
540,06:09:00,2601,"{}",35.066133,129.102242
540,06:09:00,2602,"{}",35.065809,129.104942
541,06:09:01,2601,"{}",35.066087,129.102239
541,06:09:01,2602,"{}",35.065838,129.104985
542,06:09:02,2601,"{}",35.066049,129.102256
542,06:09:02,2602,"{}",35.06537,129.105669
543,06:09:03,2601,"{}",35.066003,129.102252
543,06:09:03,2602,"{}",35.065408,129.105701
544,06:09:04,2601,"{}",35.065957,129.102249
544,06:09:04,2602,"{}",35.065446,129.105734
545,06:09:05,2601,"{}",35.065911,129.102245
545,06:09:05,2602,"{}",35.065483,129.105766
546,06:09:06,2601,"{}",35.065865,129.102242
546,06:09:06,2602,"{}",35.065521,129.105799
547,06:09:07,2601,"{}",35.065819,129.102238
547,06:09:07,2602,"{}",35.065559,129.105831
548,06:09:08,2601,"{}",35.06578,129.102271
548,06:09:08,2602,"{}",35.065322,129.106443
549,06:09:09,2601,"{}",35.065734,129.102267
549,06:09:09,2602,"{}",35.065365,129.106465
550,06:09:10,2601,"{}",35.065689,129.102263
550,06:09:10,2602,"{}",35.065407,129.106488
551,06:09:11,2601,"{}",35.065643,129.102258
551,06:09:11,2602,"{}",35.06545,129.10651
552,06:09:12,2601,"{}",35.065597,129.102254
552,06:09:12,2602,"{}",35.065492,129.106532
553,06:09:13,2601,"{}",35.065551,129.10225
553,06:09:13,2602,"{}",35.065535,129.106555
554,06:09:14,2601,"{}",35.065509,129.102307
554,06:09:14,2602,"{}",35.065443,129.107016
555,06:09:15,2601,"{}",35.065463,129.102302
555,06:09:15,2602,"{}",35.065487,129.107031
556,06:09:16,2601,"{}",35.065417,129.102296
556,06:09:16,2602,"{}",35.065532,129.107045
557,06:09:17,2601,"{}",35.065371,129.102291
557,06:09:17,2602,"{}",35.065577,129.10706
558,06:09:18,2601,"{}",35.065325,129.102286
558,06:09:18,2602,"{}",35.065621,129.107075
559,06:09:19,2601,"{}",35.065279,129.102281
559,06:09:19,2602,"{}",35.0656,129.107416
560,06:09:20,2601,"{}",35.065234,129.10237
560,06:09:20,2602,"{}",35.065646,129.107425
561,06:09:21,2601,"{}",35.065188,129.102363
561,06:09:21,2602,"{}",35.065692,129.107434
562,06:09:22,2601,"{}",35.065142,129.102356
562,06:09:22,2602,"{}",35.065737,129.107443
563,06:09:23,2601,"{}",35.065097,129.102349
563,06:09:23,2602,"{}",35.065783,129.107452
564,06:09:24,2601,"{}",35.065051,129.102343
564,06:09:24,2602,"{}",35.065829,129.107461
565,06:09:25,2601,"{}",35.064999,129.102465
565,06:09:25,2602,"{}",35.065842,129.107697
566,06:09:26,2601,"{}",35.064953,129.102456
566,06:09:26,2602,"{}",35.065888,129.107702
567,06:09:27,2601,"{}",35.064908,129.102447
567,06:09:27,2602,"{}",35.065934,129.107707
568,06:09:28,2601,"{}",35.064862,129.102438
568,06:09:28,2602,"{}",35.06598,129.107712
569,06:09:29,2601,"{}",35.064816,129.102429
569,06:09:29,2602,"{}",35.066027,129.107717
570,06:09:30,2601,"{}",35.064771,129.10242
570,06:09:30,2602,"{}",35.066073,129.107722
571,06:09:31,2601,"{}",35.064707,129.102588
571,06:09:31,2602,"{}",35.066101,129.107891
572,06:09:32,2601,"{}",35.064662,129.102576
572,06:09:32,2602,"{}",35.066147,129.107893
573,06:09:33,2601,"{}",35.064617,129.102564
573,06:09:33,2602,"{}",35.066193,129.107895
574,06:09:34,2601,"{}",35.064572,129.102552
574,06:09:34,2602,"{}",35.066239,129.107898
575,06:09:35,2601,"{}",35.064527,129.102539
575,06:09:35,2602,"{}",35.066285,129.1079
576,06:09:36,2601,"{}",35.064482,129.102527
576,06:09:36,2602,"{}",35.066332,129.107902
577,06:09:37,2601,"{}",35.064393,129.102765
577,06:09:37,2602,"{}",35.066367,129.108021
578,06:09:38,2601,"{}",35.064349,129.102749
578,06:09:38,2602,"{}",35.066413,129.108021
579,06:09:39,2601,"{}",35.064305,129.102732
579,06:09:39,2602,"{}",35.066459,129.108021
580,06:09:40,2601,"{}",35.064261,129.102716
580,06:09:40,2602,"{}",35.066506,129.108022
581,06:09:41,2601,"{}",35.064217,129.1027
581,06:09:41,2602,"{}",35.066552,129.108022
582,06:09:42,2601,"{}",35.064172,129.102684
582,06:09:42,2602,"{}",35.066598,129.108022
583,06:09:43,2601,"{}",35.064034,129.103014
583,06:09:43,2602,"{}",35.066636,129.108097
584,06:09:44,2601,"{}",35.063992,129.102992
584,06:09:44,2602,"{}",35.066682,129.108096
585,06:09:45,2601,"{}",35.06395,129.10297
585,06:09:45,2602,"{}",35.066728,129.108094
586,06:09:46,2601,"{}",35.063907,129.102948
586,06:09:46,2602,"{}",35.066774,129.108093
587,06:09:47,2601,"{}",35.063865,129.102926
587,06:09:47,2602,"{}",35.066821,129.108092
588,06:09:48,2601,"{}",35.063823,129.102904
588,06:09:48,2602,"{}",35.066859,129.108148
589,06:09:49,2601,"{}",35.063594,129.10334
589,06:09:49,2602,"{}",35.066905,129.108146
590,06:09:50,2601,"{}",35.063555,129.10331
590,06:09:50,2602,"{}",35.066951,129.108144
591,06:09:51,2601,"{}",35.063516,129.10328
591,06:09:51,2602,"{}",35.066997,129.108142
592,06:09:52,2601,"{}",35.063477,129.103249
592,06:09:52,2602,"{}",35.067043,129.108139
593,06:09:53,2601,"{}",35.063437,129.103219
593,06:09:53,2602,"{}",35.06709,129.108137
594,06:09:54,2601,"{}",35.063398,129.103189
594,06:09:54,2602,"{}",35.067128,129.108164
595,06:09:55,2601,"{}",35.062982,129.103752
595,06:09:55,2602,"{}",35.067174,129.108162
596,06:09:56,2601,"{}",35.062949,129.103712
596,06:09:56,2602,"{}",35.06722,129.108159
597,06:09:57,2601,"{}",35.062917,129.103672
597,06:09:57,2602,"{}",35.067266,129.108156
598,06:09:58,2601,"{}",35.062885,129.103632
598,06:09:58,2602,"{}",35.067313,129.108154
599,06:09:59,2601,"{}",35.062852,129.103592
599,06:09:59,2602,"{}",35.067359,129.108151
600,06:10:00,2601,"{}",35.06282,129.103552
600,06:10:00,2602,"{}",35.067396,129.108157
601,06:10:01,2601,"{}",35.062163,129.104086
601,06:10:01,2602,"{}",35.067442,129.108154
602,06:10:02,2601,"{}",35.062141,129.104036
602,06:10:02,2602,"{}",35.067488,129.108151
603,06:10:03,2601,"{}",35.062119,129.103986
603,06:10:03,2602,"{}",35.067534,129.108148
604,06:10:04,2601,"{}",35.062098,129.103936
604,06:10:04,2602,"{}",35.06758,129.108146
605,06:10:05,2601,"{}",35.062076,129.103886
605,06:10:05,2602,"{}",35.067626,129.108143
606,06:10:06,2601,"{}",35.062055,129.103836
606,06:10:06,2602,"{}",35.067663,129.108127
607,06:10:07,2601,"{}",35.061264,129.104121
607,06:10:07,2602,"{}",35.067709,129.108124
608,06:10:08,2601,"{}",35.061256,129.104066
608,06:10:08,2602,"{}",35.067756,129.108122
609,06:10:09,2601,"{}",35.061248,129.10401
609,06:10:09,2602,"{}",35.067802,129.108119
610,06:10:10,2601,"{}",35.06124,129.103955
610,06:10:10,2602,"{}",35.067848,129.108116
611,06:10:11,2601,"{}",35.061232,129.1039
611,06:10:11,2602,"{}",35.067894,129.108114
612,06:10:12,2601,"{}",35.060474,129.10389
612,06:10:12,2602,"{}",35.067929,129.10807
613,06:10:13,2601,"{}",35.060478,129.103833
613,06:10:13,2602,"{}",35.067975,129.108069
614,06:10:14,2601,"{}",35.060483,129.103777
614,06:10:14,2602,"{}",35.068021,129.108067
615,06:10:15,2601,"{}",35.060488,129.103721
615,06:10:15,2602,"{}",35.068067,129.108065
616,06:10:16,2601,"{}",35.060493,129.103665
616,06:10:16,2602,"{}",35.069928,129.111059
617,06:10:17,2601,"{}",35.060498,129.103608
617,06:10:17,2602,"{}",35.069946,129.110995
618,06:10:18,2601,"{}",35.059904,129.103402
618,06:10:18,2602,"{}",35.069964,129.11093
619,06:10:19,2601,"{}",35.059919,129.103349
619,06:10:19,2602,"{}",35.069982,129.110865
620,06:10:20,2601,"{}",35.059934,129.103295
620,06:10:20,2602,"{}",35.07,129.1108
621,06:10:21,2601,"{}",35.059949,129.103242
621,06:10:21,2602,"{}",35.070019,129.110736
622,06:10:22,2601,"{}",35.059964,129.103189
622,06:10:22,2602,"{}",35.070037,129.110671
623,06:10:23,2601,"{}",35.059979,129.103135
623,06:10:23,2602,"{}",35.070055,129.110606
624,06:10:24,2601,"{}",35.059528,129.102835
624,06:10:24,2602,"{}",35.070073,129.110542
625,06:10:25,2601,"{}",35.059551,129.102786
625,06:10:25,2602,"{}",35.070092,129.110477
626,06:10:26,2601,"{}",35.059574,129.102737
626,06:10:26,2602,"{}",35.07011,129.110412
627,06:10:27,2601,"{}",35.059597,129.102688
627,06:10:27,2602,"{}",35.070128,129.110347
628,06:10:28,2601,"{}",35.05962,129.102639
628,06:10:28,2602,"{}",35.070146,129.110283
629,06:10:29,2601,"{}",35.059643,129.10259
629,06:10:29,2602,"{}",35.070164,129.110218
630,06:10:30,2601,"{}",35.059281,129.102228
630,06:10:30,2602,"{}",35.070183,129.110153
631,06:10:31,2601,"{}",35.059311,129.102185
631,06:10:31,2602,"{}",35.070201,129.110088
632,06:10:32,2601,"{}",35.059341,129.102142
632,06:10:32,2602,"{}",35.070219,129.110024
633,06:10:33,2601,"{}",35.05937,129.102098
633,06:10:33,2602,"{}",35.070237,129.109959
634,06:10:34,2601,"{}",35.0594,129.102055
634,06:10:34,2602,"{}",35.070255,129.109894
635,06:10:35,2601,"{}",35.059429,129.102011
635,06:10:35,2602,"{}",35.070274,129.109829
636,06:10:36,2601,"{}",35.059119,129.101569
636,06:10:36,2602,"{}",35.070292,129.109765
637,06:10:37,2601,"{}",35.059154,129.101533
637,06:10:37,2602,"{}",35.07031,129.1097
638,06:10:38,2601,"{}",35.05919,129.101497
638,06:10:38,2602,"{}",35.070328,129.109635
639,06:10:39,2601,"{}",35.059225,129.10146
639,06:10:39,2602,"{}",35.070347,129.10957
640,06:10:40,2601,"{}",35.059261,129.101424
640,06:10:40,2602,"{}",35.070365,129.109506
641,06:10:41,2601,"{}",35.058893,129.100594
641,06:10:41,2602,"{}",35.070383,129.109441
642,06:10:42,2601,"{}",35.058936,129.100572
642,06:10:42,2602,"{}",35.070401,129.109376
643,06:10:43,2601,"{}",35.058978,129.100549
643,06:10:43,2602,"{}",35.070419,129.109311
644,06:10:44,2601,"{}",35.05902,129.100526
644,06:10:44,2602,"{}",35.070438,129.109247
645,06:10:45,2601,"{}",35.059063,129.100504
645,06:10:45,2602,"{}",35.070456,129.109182
646,06:10:46,2601,"{}",35.059105,129.100481
646,06:10:46,2602,"{}",35.070474,129.109117
647,06:10:47,2601,"{}",35.059148,129.100458
647,06:10:47,2602,"{}",35.070492,129.109052
648,06:10:48,2601,"{}",35.05919,129.100436
648,06:10:48,2602,"{}",35.07051,129.108988
649,06:10:49,2601,"{}",35.059232,129.100413
649,06:10:49,2602,"{}",35.070529,129.108923
650,06:10:50,2601,"{}",35.059275,129.10039
650,06:10:50,2602,"{}",35.070547,129.108858
651,06:10:51,2601,"{}",35.059317,129.100367
651,06:10:51,2602,"{}",35.070565,129.108793
652,06:10:52,2601,"{}",35.059359,129.100345
652,06:10:52,2602,"{}",35.070583,129.108729
653,06:10:53,2601,"{}",35.059402,129.100322
653,06:10:53,2602,"{}",35.070602,129.108664
654,06:10:54,2601,"{}",35.059444,129.100299
654,06:10:54,2602,"{}",35.07062,129.108599
655,06:10:55,2601,"{}",35.059487,129.100277
655,06:10:55,2602,"{}",35.070638,129.108534
656,06:10:56,2601,"{}",35.059529,129.100254
656,06:10:56,2602,"{}",35.070656,129.10847
657,06:10:57,2601,"{}",35.059571,129.100231
657,06:10:57,2602,"{}",35.070674,129.108405
658,06:10:58,2601,"{}",35.059614,129.100209
658,06:10:58,2602,"{}",35.070693,129.10834
659,06:10:59,2601,"{}",35.059656,129.100186
659,06:10:59,2602,"{}",35.070711,129.108275
660,06:11:00,2601,"{}",35.059698,129.100163
660,06:11:00,2602,"{}",35.070729,129.108211
661,06:11:01,2601,"{}",35.059741,129.100141
661,06:11:01,2602,"{}",35.070747,129.108146
662,06:11:02,2601,"{}",35.059783,129.100118
662,06:11:02,2602,"{}",35.070765,129.108081
663,06:11:03,2601,"{}",35.059826,129.100095
663,06:11:03,2602,"{}",35.070784,129.108016
664,06:11:04,2601,"{}",35.059868,129.100073
664,06:11:04,2602,"{}",35.070802,129.107952
665,06:11:05,2601,"{}",35.05991,129.10005
665,06:11:05,2602,"{}",35.07082,129.107887
666,06:11:06,2601,"{}",35.059953,129.100027
666,06:11:06,2602,"{}",35.070838,129.107822
667,06:11:07,2601,"{}",35.059995,129.100004
667,06:11:07,2602,"{}",35.070857,129.107758
668,06:11:08,2601,"{}",35.060037,129.099982
668,06:11:08,2602,"{}",35.070875,129.107693
669,06:11:09,2601,"{}",35.06008,129.099959
669,06:11:09,2602,"{}",35.070893,129.107628
670,06:11:10,2601,"{}",35.060122,129.099936
670,06:11:10,2602,"{}",35.070911,129.107563
671,06:11:11,2601,"{}",35.060165,129.099914
671,06:11:11,2602,"{}",35.070929,129.107499
672,06:11:12,2601,"{}",35.060207,129.099891
672,06:11:12,2602,"{}",35.070948,129.107434
673,06:11:13,2601,"{}",35.060249,129.099868
673,06:11:13,2602,"{}",35.070966,129.107369
674,06:11:14,2601,"{}",35.060292,129.099846
674,06:11:14,2602,"{}",35.070984,129.107304
675,06:11:15,2601,"{}",35.060334,129.099823
675,06:11:15,2602,"{}",35.071002,129.10724
676,06:11:16,2601,"{}",35.060376,129.0998
676,06:11:16,2602,"{}",35.071006,129.107227
677,06:11:17,2601,"{}",35.060419,129.099778
677,06:11:17,2602,"{}",35.071006,129.107227
678,06:11:18,2601,"{}",35.060461,129.099755
678,06:11:18,2602,"{}",35.071006,129.107227
679,06:11:19,2601,"{}",35.060504,129.099732
679,06:11:19,2602,"{}",35.071006,129.107227
680,06:11:20,2601,"{}",35.060546,129.099709
680,06:11:20,2602,"{}",35.071006,129.107227
681,06:11:21,2601,"{}",35.060588,129.099687
681,06:11:21,2602,"{}",35.071006,129.107227
682,06:11:22,2601,"{}",35.060631,129.099664
682,06:11:22,2602,"{}",35.071006,129.107227
683,06:11:23,2601,"{}",35.060673,129.099641
683,06:11:23,2602,"{}",35.071006,129.107227
684,06:11:24,2601,"{}",35.060715,129.099619
684,06:11:24,2602,"{}",35.071006,129.107227
685,06:11:25,2601,"{}",35.060758,129.099596
685,06:11:25,2602,"{}",35.071006,129.107227
686,06:11:26,2601,"{}",35.0608,129.099573
686,06:11:26,2602,"{}",35.071006,129.107227
687,06:11:27,2601,"{}",35.060843,129.099551
687,06:11:27,2602,"{}",35.071006,129.107227
688,06:11:28,2601,"{}",35.060885,129.099528
688,06:11:28,2602,"{}",35.071006,129.107227
689,06:11:29,2601,"{}",35.060927,129.099505
689,06:11:29,2602,"{}",35.071006,129.107227
690,06:11:30,2601,"{}",35.06097,129.099483
690,06:11:30,2602,"{}",35.071006,129.107227
691,06:11:31,2601,"{}",35.061012,129.09946
691,06:11:31,2602,"{}",35.071006,129.107227
692,06:11:32,2601,"{}",35.061054,129.099437
692,06:11:32,2602,"{}",35.071006,129.107227
693,06:11:33,2601,"{}",35.061097,129.099415
693,06:11:33,2602,"{}",35.071006,129.107227
694,06:11:34,2601,"{}",35.061139,129.099392
694,06:11:34,2602,"{}",35.071006,129.107227
695,06:11:35,2601,"{}",35.061182,129.099369
695,06:11:35,2602,"{}",35.071006,129.107227
696,06:11:36,2601,"{}",35.061224,129.099346
696,06:11:36,2602,"{}",35.071006,129.107227
697,06:11:37,2601,"{}",35.061266,129.099324
697,06:11:37,2602,"{}",35.071006,129.107227
698,06:11:38,2601,"{}",35.061309,129.099301
698,06:11:38,2602,"{}",35.071006,129.107227
699,06:11:39,2601,"{}",35.061351,129.099278
699,06:11:39,2602,"{}",35.071006,129.107227
700,06:11:40,2601,"{}",35.061393,129.099256
700,06:11:40,2602,"{}",35.071006,129.107227
701,06:11:41,2601,"{}",35.061436,129.099233
701,06:11:41,2602,"{}",35.071006,129.107227
702,06:11:42,2601,"{}",35.061478,129.09921
702,06:11:42,2602,"{}",35.071006,129.107227
703,06:11:43,2601,"{}",35.061521,129.099188
703,06:11:43,2602,"{}",35.071006,129.107227
704,06:11:44,2601,"{}",35.061563,129.099165
704,06:11:44,2602,"{}",35.071006,129.107227
705,06:11:45,2601,"{}",35.061605,129.099142
705,06:11:45,2602,"{}",35.071006,129.107227
706,06:11:46,2601,"{}",35.061648,129.09912
706,06:11:46,2602,"{}",35.071006,129.107227
707,06:11:47,2601,"{}",35.06169,129.099097
707,06:11:47,2602,"{}",35.071006,129.107227
708,06:11:48,2601,"{}",35.061732,129.099074
708,06:11:48,2602,"{}",35.071006,129.107227
709,06:11:49,2601,"{}",35.061775,129.099051
709,06:11:49,2602,"{}",35.071006,129.107227
710,06:11:50,2601,"{}",35.061817,129.099029
710,06:11:50,2602,"{}",35.071006,129.107227
711,06:11:51,2601,"{}",35.06186,129.099006
711,06:11:51,2602,"{}",35.071006,129.107227
712,06:11:52,2601,"{}",35.061902,129.098983
712,06:11:52,2602,"{}",35.071006,129.107227
713,06:11:53,2601,"{}",35.061944,129.098961
713,06:11:53,2602,"{}",35.071006,129.107227
714,06:11:54,2601,"{}",35.061987,129.098938
714,06:11:54,2602,"{}",35.071006,129.107227
715,06:11:55,2601,"{}",35.062029,129.098915
715,06:11:55,2602,"{}",35.071006,129.107227
716,06:11:56,2601,"{}",35.062071,129.098893
716,06:11:56,2602,"{}",35.071006,129.107227
717,06:11:57,2601,"{}",35.062114,129.09887
717,06:11:57,2602,"{}",35.071006,129.107227
718,06:11:58,2601,"{}",35.062156,129.098847
718,06:11:58,2602,"{}",35.071006,129.107227
719,06:11:59,2601,"{}",35.062199,129.098825
719,06:11:59,2602,"{}",35.071006,129.107227
720,06:12:00,2601,"{}",35.062241,129.098802
720,06:12:00,2602,"{}",35.071006,129.107227
721,06:12:01,2601,"{}",35.062283,129.098779
721,06:12:01,2602,"{}",35.071006,129.107227
722,06:12:02,2601,"{}",35.062326,129.098757
722,06:12:02,2602,"{}",35.071006,129.107227
723,06:12:03,2601,"{}",35.062368,129.098734
723,06:12:03,2602,"{}",35.071006,129.107227
724,06:12:04,2601,"{}",35.062368,129.098734
724,06:12:04,2602,"{}",35.071006,129.107227
725,06:12:05,2601,"{}",35.062368,129.098734
725,06:12:05,2602,"{}",35.071006,129.107227
726,06:12:06,2601,"{}",35.062368,129.098734
726,06:12:06,2602,"{}",35.071006,129.107227
727,06:12:07,2601,"{}",35.062368,129.098734
727,06:12:07,2602,"{}",35.071006,129.107227
728,06:12:08,2601,"{}",35.062368,129.098734
728,06:12:08,2602,"{}",35.071006,129.107227
729,06:12:09,2601,"{}",35.062368,129.098734
729,06:12:09,2602,"{}",35.071006,129.107227
730,06:12:10,2601,"{}",35.062368,129.098734
730,06:12:10,2602,"{}",35.071006,129.107227
731,06:12:11,2601,"{}",35.062368,129.098734
731,06:12:11,2602,"{}",35.071006,129.107227
732,06:12:12,2601,"{}",35.062368,129.098734
732,06:12:12,2602,"{}",35.071006,129.107227
733,06:12:13,2601,"{}",35.062368,129.098734
733,06:12:13,2602,"{}",35.071006,129.107227
734,06:12:14,2601,"{}",35.062368,129.098734
734,06:12:14,2602,"{}",35.071006,129.107227
735,06:12:15,2601,"{}",35.062368,129.098734
735,06:12:15,2602,"{}",35.071006,129.107227
736,06:12:16,2601,"{}",35.062368,129.098734
736,06:12:16,2602,"{}",35.071006,129.107227
737,06:12:17,2601,"{}",35.062368,129.098734
737,06:12:17,2602,"{}",35.071006,129.107227
738,06:12:18,2601,"{}",35.062368,129.098734
738,06:12:18,2602,"{}",35.071006,129.107227
739,06:12:19,2601,"{}",35.062368,129.098734
739,06:12:19,2602,"{}",35.071006,129.107227
740,06:12:20,2601,"{}",35.062368,129.098734
740,06:12:20,2602,"{}",35.071006,129.107227
741,06:12:21,2601,"{}",35.062368,129.098734
741,06:12:21,2602,"{}",35.071006,129.107227
742,06:12:22,2601,"{}",35.062368,129.098734
742,06:12:22,2602,"{}",35.071006,129.107227
743,06:12:23,2601,"{}",35.062368,129.098734
743,06:12:23,2602,"{}",35.071006,129.107227
744,06:12:24,2601,"{}",35.062368,129.098734
744,06:12:24,2602,"{}",35.071006,129.107227
745,06:12:25,2601,"{}",35.062368,129.098734
745,06:12:25,2602,"{}",35.071006,129.107227
746,06:12:26,2601,"{}",35.062368,129.098734
746,06:12:26,2602,"{}",35.071006,129.107227
747,06:12:27,2601,"{}",35.062368,129.098734
747,06:12:27,2602,"{}",35.071006,129.107227
748,06:12:28,2601,"{}",35.062368,129.098734
748,06:12:28,2602,"{}",35.071006,129.107227
749,06:12:29,2601,"{}",35.062368,129.098734
749,06:12:29,2602,"{}",35.071006,129.107227
750,06:12:30,2601,"{}",35.062368,129.098734
750,06:12:30,2602,"{}",35.071006,129.107227
751,06:12:31,2601,"{}",35.062368,129.098734
751,06:12:31,2602,"{}",35.071006,129.107227
752,06:12:32,2601,"{}",35.062368,129.098734
752,06:12:32,2602,"{}",35.071006,129.107227
753,06:12:33,2601,"{}",35.062368,129.098734
753,06:12:33,2602,"{}",35.071006,129.107227
754,06:12:34,2601,"{}",35.062368,129.098734
754,06:12:34,2602,"{}",35.071006,129.107227
755,06:12:35,2601,"{}",35.062368,129.098734
755,06:12:35,2602,"{}",35.071006,129.107227
756,06:12:36,2601,"{}",35.062368,129.098734
756,06:12:36,2602,"{}",35.071006,129.107227
757,06:12:37,2601,"{}",35.062368,129.098734
757,06:12:37,2602,"{}",35.071006,129.107227
758,06:12:38,2601,"{}",35.062368,129.098734
758,06:12:38,2602,"{}",35.071006,129.107227
759,06:12:39,2601,"{}",35.062368,129.098734
759,06:12:39,2602,"{}",35.071006,129.107227
760,06:12:40,2601,"{}",35.062368,129.098734
760,06:12:40,2602,"{}",35.071006,129.107227
761,06:12:41,2601,"{}",35.062368,129.098734
761,06:12:41,2602,"{}",35.071006,129.107227
762,06:12:42,2601,"{}",35.062368,129.098734
762,06:12:42,2602,"{}",35.071006,129.107227
763,06:12:43,2601,"{}",35.062368,129.098734
763,06:12:43,2602,"{}",35.071006,129.107227
764,06:12:44,2601,"{}",35.062368,129.098734
764,06:12:44,2602,"{}",35.071006,129.107227
765,06:12:45,2601,"{}",35.062368,129.098734
765,06:12:45,2602,"{}",35.071006,129.107227
766,06:12:46,2601,"{}",35.062368,129.098734
766,06:12:46,2602,"{}",35.071006,129.107227
767,06:12:47,2601,"{}",35.062368,129.098734
767,06:12:47,2602,"{}",35.071006,129.107227
768,06:12:48,2601,"{}",35.062368,129.098734
768,06:12:48,2602,"{}",35.071006,129.107227
769,06:12:49,2601,"{}",35.062368,129.098734
769,06:12:49,2602,"{}",35.071006,129.107227
770,06:12:50,2601,"{}",35.062368,129.098734
770,06:12:50,2602,"{}",35.071006,129.107227
771,06:12:51,2601,"{}",35.062368,129.098734
771,06:12:51,2602,"{}",35.071006,129.107227
772,06:12:52,2601,"{}",35.062368,129.098734
772,06:12:52,2602,"{}",35.071006,129.107227
773,06:12:53,2601,"{}",35.062368,129.098734
773,06:12:53,2602,"{}",35.071006,129.107227
774,06:12:54,2601,"{}",35.062368,129.098734
774,06:12:54,2602,"{}",35.071006,129.107227
775,06:12:55,2601,"{}",35.062368,129.098734
775,06:12:55,2602,"{}",35.071006,129.107227
776,06:12:56,2601,"{}",35.062368,129.098734
776,06:12:56,2602,"{}",35.071006,129.107227
777,06:12:57,2601,"{}",35.062368,129.098734
777,06:12:57,2602,"{}",35.071006,129.107227
778,06:12:58,2601,"{}",35.062368,129.098734
778,06:12:58,2602,"{}",35.071006,129.107227
779,06:12:59,2601,"{}",35.062368,129.098734
779,06:12:59,2602,"{}",35.071006,129.107227
780,06:13:00,2601,"{}",35.062368,129.098734
780,06:13:00,2602,"{}",35.071006,129.107227
781,06:13:01,2601,"{}",35.062368,129.098734
781,06:13:01,2602,"{}",35.071006,129.107227
782,06:13:02,2601,"{}",35.062368,129.098734
782,06:13:02,2602,"{}",35.071006,129.107227
783,06:13:03,2601,"{}",35.062368,129.098734
783,06:13:03,2602,"{}",35.071006,129.107227
784,06:13:04,2601,"{}",35.062368,129.098734
784,06:13:04,2602,"{}",35.071006,129.107227
785,06:13:05,2601,"{}",35.062368,129.098734
785,06:13:05,2602,"{}",35.071006,129.107227
786,06:13:06,2601,"{}",35.062368,129.098734
786,06:13:06,2602,"{}",35.071006,129.107227
787,06:13:07,2601,"{}",35.062368,129.098734
787,06:13:07,2602,"{}",35.071006,129.107227
788,06:13:08,2601,"{}",35.062368,129.098734
788,06:13:08,2602,"{}",35.071006,129.107227
789,06:13:09,2601,"{}",35.062368,129.098734
789,06:13:09,2602,"{}",35.071006,129.107227
790,06:13:10,2601,"{}",35.062368,129.098734
790,06:13:10,2602,"{}",35.071006,129.107227
791,06:13:11,2601,"{}",35.062368,129.098734
791,06:13:11,2602,"{}",35.071006,129.107227
792,06:13:12,2601,"{}",35.062368,129.098734
792,06:13:12,2602,"{}",35.071006,129.107227
793,06:13:13,2601,"{}",35.062368,129.098734
793,06:13:13,2602,"{}",35.071006,129.107227
794,06:13:14,2601,"{}",35.062368,129.098734
794,06:13:14,2602,"{}",35.071006,129.107227
795,06:13:15,2601,"{}",35.062368,129.098734
795,06:13:15,2602,"{}",35.071006,129.107227
796,06:13:16,2601,"{}",35.062368,129.098734
796,06:13:16,2602,"{}",35.071006,129.107227
797,06:13:17,2601,"{}",35.062368,129.098734
797,06:13:17,2602,"{}",35.071006,129.107227
798,06:13:18,2601,"{}",35.062368,129.098734
798,06:13:18,2602,"{}",35.071006,129.107227
799,06:13:19,2601,"{}",35.062368,129.098734
799,06:13:19,2602,"{}",35.071006,129.107227
800,06:13:20,2601,"{}",35.062368,129.098734
800,06:13:20,2602,"{}",35.071006,129.107227
801,06:13:21,2601,"{}",35.062368,129.098734
801,06:13:21,2602,"{}",35.071006,129.107227
802,06:13:22,2601,"{}",35.062368,129.098734
802,06:13:22,2602,"{}",35.071006,129.107227
803,06:13:23,2601,"{}",35.062368,129.098734
803,06:13:23,2602,"{}",35.071006,129.107227
804,06:13:24,2601,"{}",35.062368,129.098734
804,06:13:24,2602,"{}",35.071006,129.107227
805,06:13:25,2601,"{}",35.062368,129.098734
805,06:13:25,2602,"{}",35.071006,129.107227
806,06:13:26,2601,"{}",35.062368,129.098734
806,06:13:26,2602,"{}",35.071006,129.107227
807,06:13:27,2601,"{}",35.062368,129.098734
807,06:13:27,2602,"{}",35.071006,129.107227
808,06:13:28,2601,"{}",35.062368,129.098734
808,06:13:28,2602,"{}",35.071006,129.107227
809,06:13:29,2601,"{}",35.062368,129.098734
809,06:13:29,2602,"{}",35.071006,129.107227
810,06:13:30,2601,"{}",35.062368,129.098734
810,06:13:30,2602,"{}",35.071006,129.107227
811,06:13:31,2601,"{}",35.062368,129.098734
811,06:13:31,2602,"{}",35.071006,129.107227
812,06:13:32,2601,"{}",35.062368,129.098734
812,06:13:32,2602,"{}",35.071006,129.107227
813,06:13:33,2601,"{}",35.062368,129.098734
813,06:13:33,2602,"{}",35.071006,129.107227
814,06:13:34,2601,"{}",35.062368,129.098734
814,06:13:34,2602,"{}",35.071006,129.107227
815,06:13:35,2601,"{}",35.062368,129.098734
815,06:13:35,2602,"{}",35.071006,129.107227
816,06:13:36,2601,"{}",35.062368,129.098734
816,06:13:36,2602,"{}",35.071006,129.107227
817,06:13:37,2601,"{}",35.062368,129.098734
817,06:13:37,2602,"{}",35.071006,129.107227
818,06:13:38,2601,"{}",35.062368,129.098734
818,06:13:38,2602,"{}",35.071006,129.107227
819,06:13:39,2601,"{}",35.062368,129.098734
819,06:13:39,2602,"{}",35.071006,129.107227
820,06:13:40,2601,"{}",35.062368,129.098734
820,06:13:40,2602,"{}",35.071006,129.107227
821,06:13:41,2601,"{}",35.062368,129.098734
821,06:13:41,2602,"{}",35.071006,129.107227
822,06:13:42,2601,"{}",35.062368,129.098734
822,06:13:42,2602,"{}",35.071006,129.107227
823,06:13:43,2601,"{}",35.062368,129.098734
823,06:13:43,2602,"{}",35.071006,129.107227
824,06:13:44,2601,"{}",35.062368,129.098734
824,06:13:44,2602,"{}",35.071006,129.107227
825,06:13:45,2601,"{}",35.062368,129.098734
825,06:13:45,2602,"{}",35.071006,129.107227
826,06:13:46,2601,"{}",35.062368,129.098734
826,06:13:46,2602,"{}",35.071006,129.107227
827,06:13:47,2601,"{}",35.062368,129.098734
827,06:13:47,2602,"{}",35.071006,129.107227
828,06:13:48,2601,"{}",35.062368,129.098734
828,06:13:48,2602,"{}",35.071006,129.107227
829,06:13:49,2601,"{}",35.062368,129.098734
829,06:13:49,2602,"{}",35.071006,129.107227
830,06:13:50,2601,"{}",35.062368,129.098734
830,06:13:50,2602,"{}",35.071006,129.107227
831,06:13:51,2601,"{}",35.062368,129.098734
831,06:13:51,2602,"{}",35.071006,129.107227
832,06:13:52,2601,"{}",35.062368,129.098734
832,06:13:52,2602,"{}",35.071006,129.107227
833,06:13:53,2601,"{}",35.062368,129.098734
833,06:13:53,2602,"{}",35.071006,129.107227
834,06:13:54,2601,"{}",35.062368,129.098734
834,06:13:54,2602,"{}",35.071006,129.107227
835,06:13:55,2601,"{}",35.062368,129.098734
835,06:13:55,2602,"{}",35.071006,129.107227
836,06:13:56,2601,"{}",35.062368,129.098734
836,06:13:56,2602,"{}",35.071006,129.107227
837,06:13:57,2601,"{}",35.062368,129.098734
837,06:13:57,2602,"{}",35.071006,129.107227
838,06:13:58,2601,"{}",35.062368,129.098734
838,06:13:58,2602,"{}",35.071006,129.107227
839,06:13:59,2601,"{}",35.062368,129.098734
839,06:13:59,2602,"{}",35.071006,129.107227
840,06:14:00,2601,"{}",35.062368,129.098734
840,06:14:00,2602,"{}",35.071006,129.107227
841,06:14:01,2601,"{}",35.062368,129.098734
841,06:14:01,2602,"{}",35.071006,129.107227
842,06:14:02,2601,"{}",35.062368,129.098734
842,06:14:02,2602,"{}",35.071006,129.107227
843,06:14:03,2601,"{}",35.062368,129.098734
843,06:14:03,2602,"{}",35.071006,129.107227
844,06:14:04,2601,"{}",35.062368,129.098734
844,06:14:04,2602,"{}",35.071006,129.107227
845,06:14:05,2601,"{}",35.062368,129.098734
845,06:14:05,2602,"{}",35.071006,129.107227
846,06:14:06,2601,"{}",35.062368,129.098734
846,06:14:06,2602,"{}",35.071006,129.107227
847,06:14:07,2601,"{}",35.062368,129.098734
847,06:14:07,2602,"{}",35.071006,129.107227
848,06:14:08,2601,"{}",35.062368,129.098734
848,06:14:08,2602,"{}",35.071006,129.107227
849,06:14:09,2601,"{}",35.062368,129.098734
849,06:14:09,2602,"{}",35.071006,129.107227
850,06:14:10,2601,"{}",35.062368,129.098734
850,06:14:10,2602,"{}",35.071006,129.107227
851,06:14:11,2601,"{}",35.062368,129.098734
851,06:14:11,2602,"{}",35.071006,129.107227
852,06:14:12,2601,"{}",35.062368,129.098734
852,06:14:12,2602,"{}",35.071006,129.107227
853,06:14:13,2601,"{}",35.062368,129.098734
853,06:14:13,2602,"{}",35.071006,129.107227
854,06:14:14,2601,"{}",35.062368,129.098734
854,06:14:14,2602,"{}",35.071006,129.107227
855,06:14:15,2601,"{}",35.062368,129.098734
855,06:14:15,2602,"{}",35.071006,129.107227
856,06:14:16,2601,"{}",35.062368,129.098734
856,06:14:16,2602,"{}",35.071006,129.107227
857,06:14:17,2601,"{}",35.062368,129.098734
857,06:14:17,2602,"{}",35.071006,129.107227
858,06:14:18,2601,"{}",35.062368,129.098734
858,06:14:18,2602,"{}",35.071006,129.107227
859,06:14:19,2601,"{}",35.062368,129.098734
859,06:14:19,2602,"{}",35.071006,129.107227
860,06:14:20,2601,"{}",35.062368,129.098734
860,06:14:20,2602,"{}",35.071006,129.107227
861,06:14:21,2601,"{}",35.062368,129.098734
861,06:14:21,2602,"{}",35.071006,129.107227
862,06:14:22,2601,"{}",35.062368,129.098734
862,06:14:22,2602,"{}",35.071006,129.107227
863,06:14:23,2601,"{}",35.062368,129.098734
863,06:14:23,2602,"{}",35.071006,129.107227
864,06:14:24,2601,"{}",35.062368,129.098734
864,06:14:24,2602,"{}",35.071006,129.107227
865,06:14:25,2601,"{}",35.062368,129.098734
865,06:14:25,2602,"{}",35.071006,129.107227
866,06:14:26,2601,"{}",35.062368,129.098734
866,06:14:26,2602,"{}",35.071006,129.107227
867,06:14:27,2601,"{}",35.062368,129.098734
867,06:14:27,2602,"{}",35.071006,129.107227
868,06:14:28,2601,"{}",35.062368,129.098734
868,06:14:28,2602,"{}",35.071006,129.107227
869,06:14:29,2601,"{}",35.062368,129.098734
869,06:14:29,2602,"{}",35.071006,129.107227
870,06:14:30,2601,"{}",35.062368,129.098734
870,06:14:30,2602,"{}",35.071006,129.107227
871,06:14:31,2601,"{}",35.062368,129.098734
871,06:14:31,2602,"{}",35.071006,129.107227
872,06:14:32,2601,"{}",35.062368,129.098734
872,06:14:32,2602,"{}",35.071006,129.107227
873,06:14:33,2601,"{}",35.062368,129.098734
873,06:14:33,2602,"{}",35.071006,129.107227
874,06:14:34,2601,"{}",35.062368,129.098734
874,06:14:34,2602,"{}",35.071006,129.107227
875,06:14:35,2601,"{}",35.062368,129.098734
875,06:14:35,2602,"{}",35.071006,129.107227
876,06:14:36,2601,"{}",35.062368,129.098734
876,06:14:36,2602,"{}",35.071006,129.107227
877,06:14:37,2601,"{}",35.062368,129.098734
877,06:14:37,2602,"{}",35.071006,129.107227
878,06:14:38,2601,"{}",35.062368,129.098734
878,06:14:38,2602,"{}",35.071006,129.107227
879,06:14:39,2601,"{}",35.062368,129.098734
879,06:14:39,2602,"{}",35.071006,129.107227
880,06:14:40,2601,"{}",35.062368,129.098734
880,06:14:40,2602,"{}",35.071006,129.107227
881,06:14:41,2601,"{}",35.062368,129.098734
881,06:14:41,2602,"{}",35.071006,129.107227
882,06:14:42,2601,"{}",35.062368,129.098734
882,06:14:42,2602,"{}",35.071006,129.107227
883,06:14:43,2601,"{}",35.062368,129.098734
883,06:14:43,2602,"{}",35.071006,129.107227
884,06:14:44,2601,"{}",35.062368,129.098734
884,06:14:44,2602,"{}",35.071006,129.107227
885,06:14:45,2601,"{}",35.062368,129.098734
885,06:14:45,2602,"{}",35.071006,129.107227
886,06:14:46,2601,"{}",35.062368,129.098734
886,06:14:46,2602,"{}",35.071006,129.107227
887,06:14:47,2601,"{}",35.062368,129.098734
887,06:14:47,2602,"{}",35.071006,129.107227
888,06:14:48,2601,"{}",35.062368,129.098734
888,06:14:48,2602,"{}",35.071006,129.107227
889,06:14:49,2601,"{}",35.062368,129.098734
889,06:14:49,2602,"{}",35.071006,129.107227
890,06:14:50,2601,"{}",35.062368,129.098734
890,06:14:50,2602,"{}",35.071006,129.107227
891,06:14:51,2601,"{}",35.062368,129.098734
891,06:14:51,2602,"{}",35.071006,129.107227
892,06:14:52,2601,"{}",35.062368,129.098734
892,06:14:52,2602,"{}",35.071006,129.107227
893,06:14:53,2601,"{}",35.062368,129.098734
893,06:14:53,2602,"{}",35.071006,129.107227
894,06:14:54,2601,"{}",35.062368,129.098734
894,06:14:54,2602,"{}",35.071006,129.107227
895,06:14:55,2601,"{}",35.062368,129.098734
895,06:14:55,2602,"{}",35.071006,129.107227
896,06:14:56,2601,"{}",35.062368,129.098734
896,06:14:56,2602,"{}",35.071006,129.107227
897,06:14:57,2601,"{}",35.062368,129.098734
897,06:14:57,2602,"{}",35.071006,129.107227
898,06:14:58,2601,"{}",35.062368,129.098734
898,06:14:58,2602,"{}",35.071006,129.107227
899,06:14:59,2601,"{}",35.062368,129.098734
899,06:14:59,2602,"{}",35.071006,129.107227
900,06:15:00,2601,"{}",35.062368,129.098734
900,06:15:00,2602,"{}",35.071006,129.107227
901,06:15:01,2601,"{}",35.062368,129.098734
901,06:15:01,2602,"{}",35.071006,129.107227
902,06:15:02,2601,"{}",35.062368,129.098734
902,06:15:02,2602,"{}",35.071006,129.107227
903,06:15:03,2601,"{}",35.062368,129.098734
903,06:15:03,2602,"{}",35.071006,129.107227
904,06:15:04,2601,"{}",35.062368,129.098734
904,06:15:04,2602,"{}",35.071006,129.107227
905,06:15:05,2601,"{}",35.062368,129.098734
905,06:15:05,2602,"{}",35.071006,129.107227
906,06:15:06,2601,"{}",35.062368,129.098734
906,06:15:06,2602,"{}",35.071006,129.107227
907,06:15:07,2601,"{}",35.062368,129.098734
907,06:15:07,2602,"{}",35.071006,129.107227
908,06:15:08,2601,"{}",35.062368,129.098734
908,06:15:08,2602,"{}",35.071006,129.107227
909,06:15:09,2601,"{}",35.062368,129.098734
909,06:15:09,2602,"{}",35.071006,129.107227
910,06:15:10,2601,"{}",35.062368,129.098734
910,06:15:10,2602,"{}",35.071006,129.107227
911,06:15:11,2601,"{}",35.062368,129.098734
911,06:15:11,2602,"{}",35.071006,129.107227
912,06:15:12,2601,"{}",35.062368,129.098734
912,06:15:12,2602,"{}",35.071006,129.107227
913,06:15:13,2601,"{}",35.062368,129.098734
913,06:15:13,2602,"{}",35.071006,129.107227
914,06:15:14,2601,"{}",35.062368,129.098734
914,06:15:14,2602,"{}",35.071006,129.107227
915,06:15:15,2601,"{}",35.062368,129.098734
915,06:15:15,2602,"{}",35.071006,129.107227
916,06:15:16,2601,"{}",35.062368,129.098734
916,06:15:16,2602,"{}",35.071006,129.107227
917,06:15:17,2601,"{}",35.062368,129.098734
917,06:15:17,2602,"{}",35.071006,129.107227
918,06:15:18,2601,"{}",35.062368,129.098734
918,06:15:18,2602,"{}",35.071006,129.107227
919,06:15:19,2601,"{}",35.062368,129.098734
919,06:15:19,2602,"{}",35.071006,129.107227
920,06:15:20,2601,"{}",35.062368,129.098734
920,06:15:20,2602,"{}",35.071006,129.107227
921,06:15:21,2601,"{}",35.062368,129.098734
921,06:15:21,2602,"{}",35.071006,129.107227
922,06:15:22,2601,"{}",35.062368,129.098734
922,06:15:22,2602,"{}",35.071006,129.107227
923,06:15:23,2601,"{}",35.062368,129.098734
923,06:15:23,2602,"{}",35.071006,129.107227
924,06:15:24,2601,"{}",35.062368,129.098734
924,06:15:24,2602,"{}",35.071006,129.107227
925,06:15:25,2601,"{}",35.062368,129.098734
925,06:15:25,2602,"{}",35.071006,129.107227
926,06:15:26,2601,"{}",35.062368,129.098734
926,06:15:26,2602,"{}",35.071006,129.107227
927,06:15:27,2601,"{}",35.062368,129.098734
927,06:15:27,2602,"{}",35.071006,129.107227
928,06:15:28,2601,"{}",35.062368,129.098734
928,06:15:28,2602,"{}",35.071006,129.107227
929,06:15:29,2601,"{}",35.062368,129.098734
929,06:15:29,2602,"{}",35.071006,129.107227
930,06:15:30,2601,"{}",35.062368,129.098734
930,06:15:30,2602,"{}",35.071006,129.107227
931,06:15:31,2601,"{}",35.062368,129.098734
931,06:15:31,2602,"{}",35.071006,129.107227
932,06:15:32,2601,"{}",35.062368,129.098734
932,06:15:32,2602,"{}",35.071006,129.107227
933,06:15:33,2601,"{}",35.062368,129.098734
933,06:15:33,2602,"{}",35.071006,129.107227
934,06:15:34,2601,"{}",35.062368,129.098734
934,06:15:34,2602,"{}",35.071006,129.107227
935,06:15:35,2601,"{}",35.062368,129.098734
935,06:15:35,2602,"{}",35.071006,129.107227
936,06:15:36,2601,"{}",35.062368,129.098734
936,06:15:36,2602,"{}",35.071006,129.107227
937,06:15:37,2601,"{}",35.062368,129.098734
937,06:15:37,2602,"{}",35.071006,129.107227
938,06:15:38,2601,"{}",35.062368,129.098734
938,06:15:38,2602,"{}",35.071006,129.107227
939,06:15:39,2601,"{}",35.062368,129.098734
939,06:15:39,2602,"{}",35.071006,129.107227
940,06:15:40,2601,"{}",35.062368,129.098734
940,06:15:40,2602,"{}",35.071006,129.107227
941,06:15:41,2601,"{}",35.062368,129.098734
941,06:15:41,2602,"{}",35.071006,129.107227
942,06:15:42,2601,"{}",35.062368,129.098734
942,06:15:42,2602,"{}",35.071006,129.107227
943,06:15:43,2601,"{}",35.062368,129.098734
943,06:15:43,2602,"{}",35.071006,129.107227
944,06:15:44,2601,"{}",35.062368,129.098734
944,06:15:44,2602,"{}",35.071006,129.107227
945,06:15:45,2601,"{}",35.062368,129.098734
945,06:15:45,2602,"{}",35.071006,129.107227
946,06:15:46,2601,"{}",35.062368,129.098734
946,06:15:46,2602,"{}",35.071006,129.107227
947,06:15:47,2601,"{}",35.062368,129.098734
947,06:15:47,2602,"{}",35.071006,129.107227
948,06:15:48,2601,"{}",35.062368,129.098734
948,06:15:48,2602,"{}",35.071006,129.107227
949,06:15:49,2601,"{}",35.062368,129.098734
949,06:15:49,2602,"{}",35.071006,129.107227
950,06:15:50,2601,"{}",35.062368,129.098734
950,06:15:50,2602,"{}",35.071006,129.107227
951,06:15:51,2601,"{}",35.062368,129.098734
951,06:15:51,2602,"{}",35.071006,129.107227
952,06:15:52,2601,"{}",35.062368,129.098734
952,06:15:52,2602,"{}",35.071006,129.107227
953,06:15:53,2601,"{}",35.062368,129.098734
953,06:15:53,2602,"{}",35.071006,129.107227
954,06:15:54,2601,"{}",35.062368,129.098734
954,06:15:54,2602,"{}",35.071006,129.107227
